CALIFAID,log_M_star [Mo],SFR [Mo/yr],log_M_dust [Mo],log_M_H_2 [Mo],f_AGN
CALIFA001,10.75+/-0.06,0.51+/-0.11,-,9.23+/-0.05,-
CALIFA002,11.10+/-0.06,4.76+/-1.21,8.70+/-0.56,9.93+/-0.20,-
CALIFA003,10.5+/-0.04,3.34+/-0.66,7.9+/-0.69,9.27+/-0.04,-
CALIFA004,11.35+/-0.14,1.37+/-0.47,-,-,-
CALIFA005,10.5+/-0.05,2.12+/-0.72,7.99+/-0.25,9.21+/-0.02,-
CALIFA006,11.49+/-0.07,0.68+/-0.34,-,9.12+/-0.56,-
CALIFA007,11.09+/-0.04,0.15+/-0.16,8.4+/-0.03,9.43+/-0.17,-
CALIFA008,10.91+/-0.05,5.43+/-1.53,8.34+/-0.2,9.76+/-0.38,-
CALIFA009,11.21+/-0.03,7.06+/-2.47,7.86+/-0.14,9.59+/-0.1,-
CALIFA010,11.12+/-0.04,1.67+/-0.49,8.38+/-0.16,9.89+/-0.09,-
CALIFA011,10.17+/-0.05,2.12+/-0.21,7.7+/-0.18,8.97+/-0.09,-
CALIFA012,10.41+/-0.05,5.26+/-0.64,8.1+/-0.33,9.1+/-0.1,-
CALIFA013,10.59+/-0.04,0.72+/-0.16,7.85+/-0.21,8.94+/-0.02,0.16+/-0.04
CALIFA014,10.03+/-0.17,9.99+/-2.03,-,9.04+/-0.27,-
CALIFA015,10.41+/-0.06,1.5+/-0.7,-,9.0+/-0.76,-
CALIFA016,10.31+/-0.04,2.31+/-0.53,8.05+/-0.24,8.96+/-0.22,-
CALIFA017,10.96+/-0.02,0.0+/-0.0,-,-,0.41+/-0.05
CALIFA018,11.27+/-0.02,0.0+/-0.0,-,-,-
CALIFA019,10.26+/-0.05,1.2+/-0.39,-,8.62+/-0.34,0.63+/-0.03
CALIFA020,11.29+/-0.03,0.26+/-0.08,-,8.36+/-1.18,-
CALIFA021,10.84+/-0.03,1.58+/-0.3,8.3+/-0.24,9.63+/-0.25,-
CALIFA022,11.31+/-0.08,0.85+/-0.37,8.46+/-0.11,9.36+/-0.27,-
CALIFA023,10.99+/-0.07,2.89+/-0.92,8.12+/-0.05,9.01+/-0.11,-
CALIFA024,10.68+/-0.06,0.55+/-0.33,-,-,-
CALIFA025,11.05+/-0.03,2.47+/-0.34,8.54+/-0.04,9.62+/-0.09,-
CALIFA026,10.95+/-0.02,0.0+/-0.04,7.7+/-0.17,9.17+/-0.29,-
CALIFA027,9.56+/-0.02,0.12+/-0.07,7.35+/-0.03,7.75+/-0.01,-
CALIFA028,11.07+/-0.04,1.25+/-0.67,8.05+/-0.17,9.61+/-0.3,0.21+/-0.03
CALIFA029,11.41+/-0.03,0.26+/-0.09,7.89+/-0.05,-,-
CALIFA030,10.55+/-0.03,2.6+/-1.14,8.15+/-0.45,9.23+/-0.54,-
CALIFA031,10.92+/-0.03,2.93+/-2.46,8.51+/-0.19,9.74+/-0.64,-
CALIFA032,10.87+/-0.04,0.81+/-0.32,7.29+/-nan,-,-
CALIFA033,11.07+/-0.05,4.71+/-0.82,8.52+/-0.24,9.79+/-0.22,-
CALIFA034,11.22+/-0.05,8.25+/-2.55,8.26+/-0.31,9.61+/-0.07,-
CALIFA035,11.04+/-0.02,0.0+/-0.0,-,-,-
CALIFA036,11.1+/-0.02,0.03+/-0.02,-,-,0.43+/-0.05
CALIFA037,11.05+/-0.02,0.0+/-0.0,-,-,-
CALIFA038,11.33+/-0.04,1.48+/-0.56,8.13+/-0.07,9.33+/-0.05,0.31+/-0.04
CALIFA039,10.16+/-0.04,0.49+/-0.39,-,-,-
CALIFA040,10.08+/-0.04,0.47+/-0.25,7.37+/-nan,8.92+/-0.07,-
CALIFA041,10.29+/-0.03,0.55+/-0.24,-,9.17+/-0.23,-
CALIFA042,10.85+/-0.05,2.69+/-1.44,8.4+/-0.02,9.54+/-0.05,-
CALIFA043,10.72+/-0.02,0.07+/-0.19,7.68+/-nan,9.68+/-0.02,-
CALIFA044,11.53+/-0.02,0.1+/-0.04,-,-,-
CALIFA045,10.71+/-0.05,2.73+/-1.66,8.51+/-0.08,9.48+/-0.04,-
CALIFA046,10.99+/-0.02,0.01+/-0.0,-,-,-
CALIFA047,10.95+/-0.05,0.0+/-0.01,-,-,-
CALIFA048,10.89+/-0.02,1.65+/-0.08,8.07+/-0.26,9.65+/-0.02,-
CALIFA049,10.86+/-0.04,0.49+/-0.36,8.05+/-0.02,9.35+/-0.04,0.45+/-0.1
CALIFA050,11.29+/-0.03,0.01+/-0.0,-,8.36+/-0.13,-
CALIFA051,11.3+/-0.02,0.0+/-0.0,-,-,-
CALIFA052,10.8+/-0.05,1.59+/-1.1,8.3+/-0.02,9.39+/-0.04,-
CALIFA053,10.54+/-0.05,2.84+/-1.4,-,9.35+/-0.05,-
CALIFA054,10.98+/-0.04,0.0+/-0.0,-,8.84+/-0.54,-
CALIFA055,11.26+/-0.02,0.02+/-0.02,-,-,-
CALIFA056,9.49+/-0.02,0.18+/-0.12,-,8.07+/-0.21,-
CALIFA057,10.81+/-0.09,0.08+/-0.03,-,-,-
CALIFA058,10.09+/-0.03,1.64+/-0.3,7.8+/-0.4,8.85+/-0.15,-
CALIFA059,11.01+/-0.02,0.0+/-0.0,-,-,-
CALIFA060,9.61+/-0.12,2.66+/-0.67,-,-,-
CALIFA061,10.49+/-0.06,0.79+/-0.36,7.86+/-0.12,8.51+/-0.27,-
CALIFA062,11.24+/-0.05,0.0+/-0.0,-,-,-
CALIFA063,11.08+/-0.04,0.0+/-0.0,-,-,-
CALIFA064,10.14+/-0.02,0.58+/-0.12,6.92+/-0.14,8.05+/-0.67,-
CALIFA065,10.88+/-0.04,8.52+/-1.34,7.88+/-0.12,9.24+/-0.1,-
CALIFA066,11.08+/-0.04,0.26+/-0.21,-,9.49+/-0.34,-
CALIFA067,11.25+/-0.02,0.0+/-0.0,-,-,-
CALIFA068,11.7+/-0.02,0.0+/-0.0,-,-,-
CALIFA069,9.75+/-0.04,0.65+/-0.1,7.22+/-0.24,7.99+/-0.22,-
CALIFA070,11.2+/-0.02,0.45+/-0.22,-,9.26+/-0.45,-
CALIFA071,10.8+/-0.03,0.99+/-0.63,8.36+/-0.28,9.54+/-0.02,-
CALIFA072,11.18+/-0.03,0.09+/-0.03,-,-,-
CALIFA073,10.97+/-0.05,3.63+/-0.88,8.25+/-0.28,9.7+/-0.44,-
CALIFA074,10.68+/-0.02,0.0+/-0.0,-,-,-
CALIFA075,11.09+/-0.05,0.54+/-0.03,-,8.85+/-0.2,-
CALIFA076,11.69+/-0.07,0.08+/-0.04,-,-,-
CALIFA077,10.75+/-0.05,0.1+/-0.0,-,8.4+/-0.27,-
CALIFA078,10.79+/-0.04,0.0+/-0.0,-,8.41+/-0.83,-
CALIFA079,10.22+/-0.05,0.5+/-0.47,7.5+/-0.22,-,-
CALIFA080,10.91+/-0.02,0.0+/-0.0,-,-,-
CALIFA081,10.86+/-0.04,2.88+/-1.92,-,9.77+/-0.0,-
CALIFA082,10.76+/-0.09,1.0+/-0.41,-,-,-
CALIFA083,10.99+/-0.04,0.18+/-0.16,-,9.43+/-0.7,-
CALIFA084,10.74+/-0.03,8.09+/-1.11,8.0+/-0.17,9.32+/-0.47,-
CALIFA085,11.03+/-0.09,0.05+/-0.12,-,-,-
CALIFA086,10.87+/-0.08,1.17+/-0.46,7.54+/-0.13,9.12+/-0.45,-
CALIFA087,11.23+/-0.03,0.26+/-0.06,-,8.86+/-0.38,-
CALIFA088,10.66+/-0.05,2.33+/-1.06,7.96+/-nan,9.32+/-0.03,-
CALIFA089,9.68+/-0.04,0.68+/-0.11,7.3+/-0.11,8.16+/-0.36,-
CALIFA090,11.08+/-0.05,0.01+/-0.01,-,-,-
CALIFA091,-34.48+/-0.1,0.0+/-0.0,-37.89+/-0.02,7.83+/-0.28,-
CALIFA092,11.33+/-0.02,0.01+/-0.01,-,-,-
CALIFA093,11.06+/-0.05,0.36+/-0.02,-,-,-
CALIFA094,11.04+/-0.05,4.61+/-1.05,7.77+/-0.12,-,-
CALIFA095,-35.2+/-0.02,0.0+/-0.0,-,7.99+/-0.12,-
CALIFA096,11.23+/-0.1,0.1+/-0.12,-,8.63+/-0.87,-
CALIFA097,10.84+/-0.06,3.19+/-2.18,8.37+/-0.05,9.53+/-0.01,-
CALIFA098,11.06+/-0.02,0.0+/-0.0,-,-,-
CALIFA099,11.33+/-0.02,0.0+/-0.01,-,-,-
CALIFA100,10.24+/-0.06,1.16+/-0.4,7.1+/-0.16,8.57+/-0.04,-
CALIFA101,11.79+/-0.08,0.0+/-0.0,-,-,-
CALIFA102,11.2+/-0.06,2.28+/-0.77,8.5+/-0.06,9.51+/-0.33,-
CALIFA103,11.09+/-0.02,0.02+/-0.02,-,-,-
CALIFA104,11.21+/-0.02,0.0+/-0.0,-,-,-
CALIFA105,10.48+/-0.06,0.23+/-0.03,7.98+/-0.12,9.17+/-0.27,-
CALIFA106,10.92+/-0.04,1.02+/-0.43,-,-,-
CALIFA107,10.96+/-0.04,3.83+/-2.5,8.64+/-0.2,9.54+/-0.37,-
CALIFA108,10.83+/-0.07,2.44+/-0.96,-,9.38+/-0.3,0.1+/-0.04
CALIFA109,11.01+/-0.04,2.64+/-0.78,8.49+/-0.05,9.4+/-0.21,-
CALIFA110,10.65+/-0.05,0.87+/-0.34,-,9.42+/-0.28,-
CALIFA111,10.7+/-0.03,1.68+/-0.67,-,8.61+/-0.92,0.37+/-0.06
CALIFA112,11.74+/-0.03,0.09+/-0.05,-,-,-
CALIFA113,11.38+/-0.06,4.63+/-2.99,8.72+/-0.09,9.57+/-0.75,-
CALIFA114,11.74+/-0.04,16.53+/-4.93,8.76+/-0.17,-,-
CALIFA115,10.72+/-0.03,4.84+/-0.94,7.65+/-0.17,9.3+/-0.03,-
CALIFA116,10.8+/-0.05,2.64+/-1.93,8.45+/-0.12,9.67+/-0.26,-
CALIFA117,10.03+/-0.08,0.49+/-0.26,-,8.22+/-0.01,-
CALIFA118,11.18+/-0.02,0.02+/-0.0,-,-,-
CALIFA119,11.52+/-0.05,0.0+/-0.01,-,9.28+/-0.06,-
CALIFA120,10.8+/-0.04,0.0+/-0.0,7.97+/-0.02,-,-
CALIFA121,10.81+/-0.05,0.0+/-0.01,7.71+/-0.04,-,-
CALIFA122,10.98+/-0.05,3.53+/-1.46,-,9.78+/-0.09,-
CALIFA123,11.27+/-0.05,0.17+/-0.26,8.13+/-nan,-,-
CALIFA124,10.77+/-0.05,1.33+/-0.84,8.31+/-0.09,9.56+/-0.22,-
CALIFA125,10.42+/-0.03,4.62+/-0.51,8.32+/-0.22,-,-
CALIFA126,11.33+/-0.06,1.97+/-1.04,8.69+/-0.02,9.73+/-0.14,-
CALIFA127,11.28+/-0.07,3.43+/-2.11,-,9.13+/-0.06,-
CALIFA128,10.91+/-0.04,0.0+/-0.0,-,-,-
CALIFA129,10.26+/-0.06,1.21+/-0.62,-,8.93+/-0.01,-
CALIFA130,10.48+/-0.04,1.62+/-1.15,-,9.35+/-0.14,-
CALIFA131,10.56+/-0.07,0.52+/-0.02,7.89+/-0.3,-,-
CALIFA132,10.97+/-0.06,1.09+/-0.83,7.9+/-nan,9.49+/-0.48,-
CALIFA133,10.96+/-0.05,3.93+/-1.94,8.62+/-0.47,9.6+/-0.34,-
CALIFA134,11.1+/-0.04,0.93+/-0.29,-,8.85+/-0.43,-
CALIFA135,10.94+/-0.07,2.01+/-1.23,7.67+/-nan,8.65+/-0.37,-
CALIFA136,10.84+/-0.06,0.55+/-0.52,-,-,-
CALIFA137,10.79+/-0.05,7.93+/-1.22,7.89+/-0.15,9.23+/-0.24,-
CALIFA138,10.87+/-0.06,0.01+/-0.01,-,-,-
CALIFA139,10.59+/-0.03,0.0+/-0.0,-,-,0.5+/-0.04
CALIFA140,11.14+/-0.07,27.74+/-19.8,-,9.61+/-0.57,0.0+/-0.0
CALIFA141,9.24+/-0.07,0.22+/-0.08,-,7.84+/-0.55,-
CALIFA142,10.33+/-0.07,0.28+/-0.24,7.83+/-0.02,8.71+/-0.79,-
CALIFA143,9.76+/-0.04,0.81+/-0.13,6.26+/-0.36,8.15+/-0.22,-
CALIFA144,10.57+/-0.03,3.6+/-1.01,7.97+/-0.25,9.31+/-0.13,-
CALIFA145,10.24+/-0.04,0.18+/-0.07,-,-,-
CALIFA146,10.73+/-0.05,0.12+/-0.21,6.52+/-0.14,-,-
CALIFA147,10.76+/-0.03,1.1+/-0.57,8.16+/-0.23,9.62+/-0.02,-
CALIFA148,10.24+/-0.06,1.5+/-0.52,7.87+/-0.48,9.11+/-0.03,-
CALIFA149,11.01+/-0.02,2.27+/-0.18,8.37+/-0.18,9.56+/-0.02,-
CALIFA150,9.62+/-0.03,0.7+/-0.14,-,8.44+/-0.06,-
CALIFA151,11.02+/-0.05,5.57+/-2.01,8.66+/-0.14,9.64+/-0.03,0.32+/-0.04
CALIFA152,10.2+/-0.03,0.31+/-0.03,7.94+/-0.09,8.94+/-0.26,-
CALIFA153,10.93+/-0.05,2.53+/-0.89,8.33+/-0.3,9.87+/-0.03,-
CALIFA154,11.12+/-0.06,8.35+/-2.63,8.73+/-0.08,9.51+/-0.05,-
CALIFA155,11.19+/-0.07,0.84+/-0.71,8.38+/-0.03,9.37+/-0.34,0.63+/-0.08
CALIFA156,11.08+/-0.06,0.13+/-0.08,7.96+/-0.28,9.12+/-0.11,-
CALIFA157,10.62+/-0.05,2.03+/-0.76,8.03+/-0.5,9.37+/-0.03,-
CALIFA158,9.69+/-0.02,0.2+/-0.06,-,8.21+/-0.36,-
CALIFA159,10.44+/-0.03,4.04+/-0.6,7.94+/-0.18,9.55+/-0.02,-
CALIFA160,11.03+/-0.02,0.0+/-0.0,-,-,-
CALIFA161,9.72+/-0.04,1.07+/-0.26,7.3+/-0.78,8.26+/-0.07,-
CALIFA162,10.76+/-0.08,0.07+/-0.04,-,-,-
CALIFA163,10.88+/-0.06,1.02+/-0.68,-,-,-
CALIFA164,10.98+/-0.05,2.06+/-1.63,8.32+/-0.04,9.47+/-0.05,-
CALIFA165,11.03+/-0.03,4.48+/-3.59,8.7+/-0.18,10.02+/-0.01,-
CALIFA166,9.93+/-0.05,1.8+/-0.71,-,8.85+/-1.23,0.44+/-0.18
CALIFA167,10.91+/-0.06,8.17+/-2.12,7.9+/-0.13,8.98+/-0.43,-
CALIFA168,11.39+/-0.02,0.11+/-0.04,-,9.23+/-0.52,-
CALIFA169,11.04+/-0.06,1.69+/-0.76,8.4+/-1.06,-,-
CALIFA170,11.37+/-0.06,0.96+/-0.2,-,-,-
CALIFA171,11.66+/-0.02,0.02+/-0.02,-,-,-
CALIFA172,9.51+/-0.02,0.4+/-0.11,-,7.38+/-0.74,-
CALIFA173,11.16+/-0.03,0.03+/-0.06,-,-,-
CALIFA174,10.86+/-0.05,0.35+/-0.32,-,8.98+/-0.0,0.0+/-0.01
CALIFA175,10.22+/-0.06,2.01+/-0.96,-,8.8+/-0.14,-
CALIFA176,10.72+/-0.05,1.94+/-0.94,-,9.4+/-0.16,-
CALIFA177,11.41+/-0.02,0.01+/-0.01,-,-,-
CALIFA178,11.07+/-0.07,2.9+/-1.95,-,9.62+/-0.17,-
CALIFA179,10.55+/-0.03,3.01+/-1.1,8.14+/-0.37,8.98+/-0.1,-
CALIFA180,11.11+/-0.08,2.02+/-0.69,8.63+/-0.07,-,-
CALIFA181,10.63+/-0.04,1.71+/-0.4,8.27+/-0.13,9.42+/-0.04,-
CALIFA182,9.4+/-0.05,0.26+/-0.13,-,8.22+/-0.55,-
CALIFA183,10.84+/-0.06,5.93+/-2.36,8.26+/-nan,9.47+/-0.23,-
CALIFA184,10.52+/-0.05,2.68+/-0.66,7.52+/-0.23,8.81+/-0.54,-
CALIFA185,10.44+/-0.07,0.93+/-0.4,6.4+/-0.18,8.66+/-0.07,-
CALIFA186,10.78+/-0.06,1.85+/-0.96,8.35+/-0.38,9.47+/-0.02,-
CALIFA187,10.62+/-0.05,2.1+/-1.56,8.31+/-0.05,9.07+/-0.25,-
CALIFA188,10.93+/-0.08,0.08+/-0.08,-,-,-
CALIFA189,11.24+/-0.05,0.01+/-0.1,8.1+/-0.13,-,-
CALIFA190,10.93+/-0.07,2.05+/-1.91,8.19+/-0.04,9.47+/-0.12,-
CALIFA191,11.0+/-0.07,2.18+/-1.4,-,8.85+/-0.45,-
CALIFA192,10.96+/-0.07,0.74+/-0.24,7.96+/-0.33,8.61+/-0.13,-
CALIFA193,10.96+/-0.07,0.08+/-0.12,-,-,-
CALIFA194,11.17+/-0.06,3.13+/-2.11,-,9.22+/-0.38,-
CALIFA195,10.75+/-0.02,0.0+/-0.0,-,-,-
CALIFA196,10.49+/-0.08,0.29+/-0.15,7.76+/-0.09,8.13+/-0.46,0.35+/-0.03
CALIFA197,10.91+/-0.05,0.0+/-0.0,-,-,0.45+/-0.05
CALIFA198,11.15+/-0.03,0.04+/-0.11,8.36+/-0.18,-,-
CALIFA199,9.72+/-0.05,0.46+/-0.12,7.41+/-0.16,8.06+/-0.23,-
CALIFA200,11.03+/-0.06,0.01+/-0.07,-,-,-
CALIFA201,10.84+/-0.02,0.02+/-0.01,-,-,-
CALIFA202,10.88+/-0.03,4.2+/-1.38,8.37+/-0.31,-,-
CALIFA203,10.93+/-0.05,2.4+/-1.55,8.59+/-0.19,9.59+/-0.0,-
CALIFA204,10.99+/-0.05,2.61+/-1.39,8.06+/-0.63,9.31+/-0.33,-
CALIFA205,10.48+/-0.04,1.29+/-0.59,7.88+/-1.19,9.1+/-0.36,-
CALIFA206,10.8+/-0.04,0.0+/-0.01,7.77+/-1.96,-,-
CALIFA207,10.17+/-0.06,1.73+/-1.06,-,-,-
CALIFA208,10.48+/-0.04,3.0+/-0.79,8.39+/-0.08,9.24+/-0.05,-
CALIFA209,9.78+/-0.05,2.28+/-0.15,7.8+/-0.06,8.37+/-0.19,-
CALIFA210,11.44+/-0.02,0.02+/-0.02,-,-,-
CALIFA211,10.31+/-0.07,0.3+/-0.18,-,-,-
CALIFA212,11.34+/-0.05,1.65+/-0.78,-,-,-
CALIFA213,10.39+/-0.06,43.58+/-2.18,7.98+/-0.07,9.92+/-0.01,0.03+/-0.03
CALIFA214,10.74+/-0.06,0.62+/-0.38,-,-,-
CALIFA215,9.82+/-0.05,0.81+/-0.49,-,-,-
CALIFA216,11.05+/-0.08,0.08+/-0.07,-,-,-
CALIFA217,10.6+/-0.04,1.49+/-0.63,-,-,-
CALIFA218,9.82+/-0.03,0.26+/-0.23,7.67+/-0.16,8.38+/-0.67,-
CALIFA219,11.39+/-0.02,0.0+/-0.02,8.08+/-1.4,9.36+/-0.02,-
CALIFA220,11.05+/-0.02,0.07+/-0.02,-,-,-
CALIFA221,10.69+/-0.02,0.01+/-0.01,-,-,-
CALIFA222,10.31+/-0.04,0.15+/-0.04,7.38+/-0.14,-,-
CALIFA223,11.33+/-0.02,0.0+/-0.0,-,-,-
CALIFA224,10.58+/-0.06,0.0+/-0.0,-,-,-
CALIFA225,10.7+/-0.07,1.29+/-0.8,-,8.9+/-0.58,-
CALIFA226,9.25+/-0.05,0.09+/-0.05,-,7.62+/-0.54,-
CALIFA227,10.96+/-0.03,0.0+/-0.0,-,-,-
CALIFA228,11.61+/-0.03,0.0+/-0.02,-,-,-
CALIFA229,10.05+/-0.02,0.15+/-0.08,7.75+/-0.02,-,-
CALIFA230,9.7+/-0.04,2.19+/-0.15,7.87+/-0.28,-,-
CALIFA231,9.01+/-0.05,0.4+/-0.02,-,-,-
CALIFA232,10.41+/-0.05,2.25+/-0.73,8.17+/-0.09,9.0+/-0.06,-
CALIFA233,10.51+/-0.06,0.56+/-0.23,7.88+/-0.18,-,-
CALIFA234,10.38+/-0.03,2.97+/-0.51,7.7+/-0.15,-,-
CALIFA235,9.26+/-0.03,0.05+/-0.02,-,-,-
CALIFA236,10.56+/-0.08,0.64+/-0.06,-,-,-
CALIFA237,11.1+/-0.04,2.95+/-0.77,8.09+/-0.28,-,-
CALIFA238,10.5+/-0.03,1.63+/-0.85,7.55+/-0.13,-,-
CALIFA239,9.71+/-0.05,0.2+/-0.2,-,-,-
CALIFA240,11.34+/-0.03,4.48+/-0.83,8.97+/-0.23,-,-
CALIFA241,11.33+/-0.08,0.05+/-0.02,-,-,-
CALIFA242,10.68+/-0.03,3.3+/-1.35,8.45+/-0.02,-,-
CALIFA243,10.57+/-0.04,0.0+/-0.01,-,-,-
CALIFA244,9.99+/-0.07,0.45+/-0.23,-,-,-
CALIFA245,11.32+/-0.04,0.0+/-0.0,-,-,-
CALIFA246,11.5+/-0.03,0.0+/-0.0,-,-,-
CALIFA247,11.46+/-0.02,0.23+/-0.25,8.58+/-0.14,-,-
CALIFA248,11.39+/-0.04,0.09+/-0.41,-,-,-
CALIFA249,11.68+/-0.03,1.09+/-0.74,-,-,-
CALIFA250,11.65+/-0.02,0.04+/-0.03,-,-,-
CALIFA251,9.65+/-0.04,0.39+/-0.17,6.39+/-nan,-,-
CALIFA252,10.71+/-0.02,0.02+/-0.04,7.91+/-0.03,-,-
CALIFA253,11.52+/-0.04,0.0+/-0.0,-,-,-
CALIFA254,11.0+/-0.06,1.14+/-0.61,8.44+/-0.02,-,-
CALIFA255,11.49+/-0.02,0.0+/-0.0,-,-,-
CALIFA256,11.24+/-0.06,0.62+/-0.15,-,-,-
CALIFA257,11.2+/-0.02,0.0+/-0.0,-,-,-
CALIFA258,11.59+/-0.04,0.0+/-0.0,-,-,-
CALIFA259,10.32+/-0.06,0.51+/-0.31,7.98+/-0.05,-,-
CALIFA260,10.28+/-0.04,0.57+/-0.42,7.78+/-0.02,8.26+/-0.64,-
CALIFA261,11.09+/-0.06,4.48+/-1.92,-,-,-
CALIFA262,9.56+/-0.05,0.08+/-0.04,-,-,-
CALIFA263,10.08+/-0.04,0.33+/-0.29,7.75+/-0.13,-,-
CALIFA264,10.4+/-0.04,1.7+/-0.49,7.71+/-0.3,-,-
CALIFA265,10.61+/-0.04,0.79+/-0.13,7.11+/-0.31,-,-
CALIFA266,11.17+/-0.03,0.0+/-0.0,-,-,-
CALIFA267,11.2+/-0.04,0.0+/-0.02,8.24+/-0.36,-,-
CALIFA268,9.48+/-0.06,0.07+/-0.02,-,-,-
CALIFA269,10.26+/-0.03,0.42+/-0.07,7.85+/-0.11,-,-
CALIFA270,9.69+/-0.04,0.87+/-0.11,-,-,-
CALIFA271,10.78+/-0.03,0.01+/-0.03,7.25+/-0.53,-,-
CALIFA272,10.63+/-0.05,0.01+/-0.04,-,-,-
CALIFA273,10.73+/-0.03,0.8+/-0.16,8.23+/-0.04,9.34+/-0.04,-
CALIFA274,10.2+/-0.02,0.0+/-0.0,-,8.39+/-0.06,0.12+/-0.21
CALIFA275,10.61+/-0.04,0.56+/-0.12,8.1+/-0.02,9.11+/-0.03,-
CALIFA276,10.29+/-0.04,0.57+/-0.46,8.01+/-0.06,-,-
CALIFA277,11.0+/-0.07,1.26+/-0.98,8.43+/-0.03,9.05+/-0.06,-
CALIFA278,11.1+/-0.04,2.53+/-0.34,7.86+/-nan,9.75+/-0.04,-
CALIFA279,11.65+/-0.06,0.04+/-0.02,-,-,-
CALIFA280,11.15+/-0.04,0.19+/-0.3,8.63+/-0.02,9.96+/-0.02,-
CALIFA281,11.3+/-0.02,0.0+/-0.0,-,-,-
CALIFA282,11.21+/-0.03,2.65+/-0.73,-,-,-
CALIFA283,11.02+/-0.05,10.29+/-2.45,8.65+/-0.3,-,-
CALIFA284,10.82+/-0.05,1.23+/-1.2,8.39+/-0.26,-,-
CALIFA285,11.77+/-0.02,0.0+/-0.0,-,-,-
CALIFA286,10.54+/-0.04,1.92+/-1.3,-,-,-
CALIFA287,11.21+/-0.06,7.45+/-2.97,8.84+/-0.21,-,-
CALIFA288,11.1+/-0.04,0.45+/-0.39,-,-,-
CALIFA289,10.48+/-0.05,3.49+/-0.83,8.29+/-0.65,-,-
CALIFA290,10.49+/-0.04,3.43+/-0.8,8.51+/-0.05,-,-
CALIFA291,11.18+/-0.03,6.27+/-2.08,8.58+/-0.44,-,-
CALIFA292,10.97+/-0.02,0.0+/-0.01,-,-,-
CALIFA293,11.15+/-0.06,0.48+/-0.43,-,-,-
CALIFA294,11.17+/-0.03,0.05+/-0.14,8.34+/-0.02,-,-
CALIFA295,10.86+/-0.05,2.38+/-1.21,8.4+/-0.02,-,-
CALIFA296,10.81+/-0.07,2.46+/-1.28,-,-,-
CALIFA297,9.75+/-0.04,0.22+/-0.21,-,7.96+/-0.15,-
CALIFA298,11.0+/-0.04,0.0+/-0.0,8.27+/-0.39,-,-
CALIFA299,10.34+/-0.04,1.27+/-0.28,7.51+/-0.21,-,-
CALIFA300,9.71+/-0.05,0.29+/-0.18,-,-,-
CALIFA301,10.25+/-0.03,1.59+/-0.77,-,-,-
CALIFA302,10.85+/-0.03,0.04+/-0.14,7.06+/-0.43,-,-
CALIFA303,10.27+/-0.03,1.36+/-0.58,7.95+/-0.29,-,-
CALIFA304,10.96+/-0.06,1.06+/-0.46,8.24+/-0.12,-,-
CALIFA305,11.41+/-0.02,0.0+/-0.0,-,-,-
CALIFA306,9.66+/-0.05,0.22+/-0.16,-,8.39+/-0.27,-
CALIFA307,10.88+/-0.05,2.99+/-1.4,-,9.65+/-0.05,-
CALIFA308,10.36+/-0.04,2.0+/-0.46,7.9+/-0.23,-,-
CALIFA309,10.58+/-0.05,2.54+/-1.49,-,9.17+/-0.41,-
CALIFA310,9.36+/-0.06,0.29+/-0.04,-,7.5+/-0.23,-
CALIFA311,11.31+/-0.06,0.01+/-0.08,-,9.41+/-0.18,-
CALIFA312,9.53+/-0.02,0.68+/-0.06,7.31+/-0.08,7.98+/-0.35,-
CALIFA313,11.17+/-0.05,0.01+/-0.06,8.66+/-0.04,-,-
CALIFA314,11.04+/-0.07,3.02+/-1.92,-,-,-
CALIFA315,10.79+/-0.05,2.3+/-0.75,-,-,-
CALIFA316,10.33+/-0.06,0.15+/-0.14,-,-,-
CALIFA317,10.13+/-0.05,3.36+/-0.39,7.98+/-0.05,-,-
CALIFA318,11.85+/-0.02,0.0+/-0.01,-,-,-
CALIFA319,11.08+/-0.04,0.0+/-0.0,-,-,0.65+/-0.09
CALIFA320,9.98+/-0.06,3.33+/-0.72,-,8.66+/-0.06,-
CALIFA321,10.23+/-0.03,1.17+/-0.85,-,-,-
CALIFA322,11.51+/-0.02,0.01+/-0.0,-,-,-
CALIFA323,10.64+/-0.02,0.0+/-0.01,6.98+/-nan,-,0.22+/-0.02
CALIFA324,11.67+/-0.08,0.02+/-0.01,-,-,-
CALIFA325,10.61+/-0.05,2.1+/-1.57,-,-,-
CALIFA326,10.52+/-0.05,2.28+/-0.81,8.3+/-0.09,9.17+/-0.06,-
CALIFA327,10.61+/-0.03,1.61+/-0.51,-,-,-
CALIFA328,11.18+/-0.02,0.0+/-0.0,-,-,-
CALIFA329,9.75+/-0.05,0.45+/-0.33,-,-,-
CALIFA330,11.37+/-0.13,0.19+/-0.18,-,-,-
CALIFA331,10.86+/-0.06,2.95+/-1.59,8.65+/-0.15,-,-
CALIFA332,11.02+/-0.07,0.63+/-0.03,-,-,-
CALIFA333,11.34+/-0.06,0.11+/-0.13,-,-,-
CALIFA334,9.84+/-0.03,0.29+/-0.24,-,-,-
CALIFA335,11.0+/-0.06,9.73+/-5.99,-,-,-
CALIFA336,10.96+/-0.03,1.13+/-0.91,8.61+/-0.03,-,-
CALIFA337,9.81+/-0.04,0.52+/-0.24,-,-,-
CALIFA338,10.39+/-0.04,0.91+/-0.22,7.87+/-0.22,-,-
CALIFA339,10.96+/-0.03,0.0+/-0.0,-,-,0.45+/-0.06
CALIFA340,11.11+/-0.06,0.0+/-0.0,-,9.57+/-0.04,-
CALIFA341,11.34+/-0.08,0.0+/-0.03,-,-,-
CALIFA342,11.36+/-0.04,0.14+/-0.2,-,-,-
CALIFA343,10.28+/-0.04,1.65+/-0.45,7.51+/-0.24,-,-
CALIFA344,11.37+/-0.07,2.05+/-1.78,-,-,-
CALIFA345,11.51+/-0.03,0.0+/-0.03,7.02+/-nan,-,-
CALIFA346,10.15+/-0.06,0.58+/-0.39,-,-,-
CALIFA347,11.49+/-0.06,0.04+/-0.01,-,-,-
CALIFA348,11.06+/-0.07,3.94+/-2.21,8.41+/-0.14,-,-
CALIFA349,11.2+/-0.03,0.02+/-0.08,-,-,-
CALIFA350,10.96+/-0.04,3.0+/-0.93,8.57+/-0.23,-,-
CALIFA351,10.89+/-0.05,3.19+/-0.96,8.57+/-0.08,-,-
CALIFA352,11.32+/-0.04,0.0+/-0.0,-,-,-
CALIFA353,10.0+/-0.03,0.65+/-0.22,7.8+/-0.02,8.11+/-0.08,-
CALIFA354,11.32+/-0.02,0.02+/-0.11,-,-,-
CALIFA355,9.98+/-0.05,3.97+/-0.2,7.28+/-0.13,7.64+/-0.15,-
CALIFA356,10.64+/-0.04,0.85+/-0.3,8.28+/-0.07,-,-
CALIFA357,9.88+/-0.04,0.92+/-0.21,7.69+/-0.42,-,-
CALIFA358,11.23+/-0.04,0.0+/-0.0,-,-,-
CALIFA359,10.92+/-0.05,0.0+/-0.01,8.17+/-0.37,-,-
CALIFA360,11.43+/-0.02,0.0+/-0.01,-,-,-
CALIFA361,9.45+/-0.02,0.08+/-0.03,-,-,-
CALIFA362,9.66+/-0.04,0.49+/-0.11,7.24+/-0.13,-,-
CALIFA363,11.56+/-0.04,0.0+/-0.03,-,-,-
CALIFA364,11.27+/-0.05,0.0+/-0.02,-,-,-
CALIFA365,11.6+/-0.07,0.04+/-0.02,-,-,-
CALIFA366,10.58+/-0.02,0.0+/-0.0,-,-,-
CALIFA367,10.8+/-0.04,1.0+/-0.25,8.36+/-0.06,-,-
CALIFA368,10.36+/-0.05,4.41+/-0.54,7.1+/-0.16,-,-
CALIFA369,10.35+/-0.05,0.99+/-0.76,-,-,-
CALIFA370,9.73+/-0.03,0.55+/-0.23,-,-,-
CALIFA371,11.0+/-0.06,1.72+/-0.52,8.47+/-0.04,-,-
CALIFA372,10.59+/-0.03,5.86+/-1.18,8.17+/-nan,-,-
CALIFA373,11.21+/-0.06,0.89+/-0.76,-,-,-
CALIFA374,10.35+/-0.06,0.92+/-0.36,7.24+/-nan,-,-
CALIFA375,11.39+/-0.02,0.01+/-0.0,-,-,-
CALIFA376,10.74+/-0.05,1.94+/-0.87,-,-,-
CALIFA377,10.73+/-0.05,10.35+/-1.29,8.21+/-0.58,-,-
CALIFA378,9.86+/-0.03,0.97+/-0.15,6.67+/-0.28,-,-
CALIFA379,9.57+/-0.03,0.08+/-0.01,7.16+/-0.21,-,-
CALIFA380,11.11+/-0.03,0.0+/-0.02,8.71+/-0.05,-,-
CALIFA381,11.17+/-0.05,1.31+/-0.56,-,9.33+/-0.14,-
CALIFA382,11.25+/-0.02,0.0+/-0.0,-,-,-
CALIFA383,10.09+/-0.07,0.1+/-0.06,-,8.47+/-0.69,-
CALIFA384,10.25+/-0.05,3.22+/-0.35,8.06+/-0.18,-,-
CALIFA385,11.31+/-0.04,0.32+/-0.03,-,-,-
CALIFA386,11.09+/-0.03,0.0+/-0.0,-,-,0.78+/-0.03
CALIFA387,11.61+/-0.08,0.02+/-0.04,-,-,-
CALIFA388,10.45+/-0.04,0.91+/-0.72,7.83+/-0.02,8.87+/-0.26,-
CALIFA389,11.11+/-0.02,0.0+/-0.0,-,-,-
CALIFA390,11.14+/-0.07,2.53+/-1.68,-,-,-
CALIFA391,10.76+/-0.02,0.0+/-0.0,7.47+/-0.02,7.94+/-0.53,-
CALIFA392,11.04+/-0.02,0.46+/-0.2,-,-,-
CALIFA393,9.8+/-0.04,0.3+/-0.18,-,-,-
CALIFA394,9.82+/-0.02,0.94+/-0.14,7.47+/-0.11,-,-
CALIFA395,9.4+/-0.03,0.48+/-0.1,-,-,-
CALIFA396,11.06+/-0.06,0.91+/-0.39,-,-,-
CALIFA397,10.83+/-0.03,1.74+/-0.56,-,-,-
CALIFA398,9.69+/-0.05,0.35+/-0.14,-,-,-
CALIFA399,10.73+/-0.04,0.36+/-0.02,7.4+/-nan,-,-
CALIFA400,10.43+/-0.05,0.08+/-0.14,7.82+/-0.04,-,-
CALIFA401,9.1+/-0.02,0.07+/-0.04,-,-,-
CALIFA402,10.76+/-0.02,0.0+/-0.0,-,-,-
CALIFA403,11.04+/-0.02,0.0+/-0.0,8.05+/-0.02,-,-
CALIFA404,10.02+/-0.08,3.8+/-0.36,7.28+/-0.31,-,-
CALIFA405,11.09+/-0.1,0.06+/-0.13,7.44+/-0.65,-,-
CALIFA406,10.81+/-0.02,0.0+/-0.0,-,-,-
CALIFA407,10.94+/-0.07,0.37+/-0.1,-,-,-
CALIFA408,10.89+/-0.04,1.58+/-0.59,8.26+/-0.11,-,-
CALIFA409,9.3+/-0.07,0.84+/-0.09,6.45+/-nan,-,-
CALIFA410,10.77+/-0.05,0.0+/-0.0,-,-,-
CALIFA411,9.47+/-0.06,0.05+/-0.01,-,-,-
CALIFA412,10.66+/-0.03,2.34+/-1.57,7.95+/-0.12,-,-
CALIFA413,10.31+/-0.02,0.45+/-0.02,7.33+/-0.15,-,-
CALIFA414,10.53+/-0.05,1.07+/-0.25,7.68+/-0.15,-,-
CALIFA415,11.13+/-0.06,1.58+/-1.52,-,-,-
CALIFA416,10.51+/-0.04,0.28+/-0.21,8.02+/-0.02,-,-
CALIFA417,9.24+/-0.05,0.19+/-0.07,-,-,-
CALIFA418,9.99+/-0.04,0.4+/-0.08,7.35+/-0.36,-,-
CALIFA419,9.75+/-0.03,0.26+/-0.17,7.57+/-0.17,-,-
CALIFA420,11.1+/-0.05,2.53+/-0.7,-,-,-
CALIFA421,10.57+/-0.03,0.93+/-0.26,8.06+/-0.04,-,-
CALIFA422,10.25+/-0.02,0.07+/-0.06,7.45+/-0.37,-,-
CALIFA423,10.21+/-0.05,0.62+/-0.33,-,-,-
CALIFA424,11.19+/-0.02,0.01+/-0.01,-,-,-
CALIFA425,10.79+/-0.15,0.03+/-0.01,-,-,-
CALIFA426,11.62+/-0.02,0.0+/-0.01,8.77+/-0.03,-,-
CALIFA427,11.15+/-0.05,0.0+/-0.0,-,-,-
CALIFA428,10.78+/-0.03,0.35+/-0.42,8.29+/-0.02,-,-
CALIFA429,10.69+/-0.02,1.41+/-0.57,-,-,-
CALIFA430,10.86+/-0.05,6.6+/-1.6,8.07+/-0.16,-,-
CALIFA431,10.96+/-0.07,1.4+/-0.7,8.18+/-0.23,-,-
CALIFA432,11.08+/-0.03,0.0+/-0.0,7.97+/-0.04,-,-
CALIFA433,11.63+/-0.02,0.0+/-0.0,-,-,-
CALIFA434,10.99+/-0.05,0.09+/-0.21,-,-,-
CALIFA435,10.89+/-0.05,0.0+/-0.0,-,-,-
CALIFA436,10.64+/-0.05,4.02+/-1.03,7.98+/-0.27,9.28+/-0.03,-
CALIFA437,10.62+/-0.04,0.99+/-0.77,8.16+/-0.09,-,-
CALIFA438,10.49+/-0.03,0.49+/-0.08,6.95+/-0.27,-,-
CALIFA439,11.38+/-0.02,0.0+/-0.0,-,-,-
CALIFA440,11.28+/-0.04,0.0+/-0.0,8.04+/-0.27,-,-
CALIFA441,11.33+/-0.09,0.05+/-0.01,-,-,-
CALIFA442,11.16+/-0.09,0.01+/-0.05,-,-,-
CALIFA443,11.01+/-0.03,6.44+/-3.31,8.69+/-0.13,-,-
CALIFA444,10.9+/-0.11,19.49+/-3.86,8.68+/-0.22,-,-
CALIFA445,11.7+/-0.02,0.0+/-0.01,-,-,-
CALIFA446,11.12+/-0.07,0.01+/-0.0,-,-,-
CALIFA447,11.78+/-0.11,0.09+/-0.09,-,-,-
CALIFA448,11.45+/-0.05,0.01+/-0.03,-,-,-
CALIFA449,11.19+/-0.02,0.01+/-0.0,7.62+/-0.17,-,-
CALIFA450,11.33+/-0.05,0.27+/-0.19,-,-,-
CALIFA451,11.6+/-0.02,1.58+/-0.22,8.19+/-0.26,-,-
CALIFA452,11.24+/-0.03,4.17+/-1.37,-,-,-
CALIFA453,11.5+/-0.05,0.38+/-0.1,-,-,-
CALIFA454,10.39+/-0.06,2.05+/-0.55,7.86+/-0.11,-,-
CALIFA455,10.64+/-0.05,3.43+/-0.8,7.86+/-0.15,-,-
CALIFA456,11.19+/-0.05,1.36+/-1.14,8.94+/-0.03,-,-
CALIFA457,9.54+/-0.09,0.27+/-0.18,-,-,-
CALIFA458,11.03+/-0.02,4.39+/-1.2,8.62+/-0.02,-,-
CALIFA459,9.65+/-0.04,0.1+/-0.03,-,-,-
CALIFA460,9.66+/-0.12,3.71+/-0.71,-,-,-
CALIFA461,11.56+/-0.04,3.0+/-1.96,-,-,-
CALIFA462,10.16+/-0.04,2.02+/-0.38,7.59+/-0.27,-,-
CALIFA463,10.88+/-0.07,3.01+/-1.17,8.49+/-0.06,-,-
CALIFA464,11.16+/-0.06,5.09+/-3.58,-,-,-
CALIFA465,10.53+/-0.05,3.83+/-0.92,8.53+/-0.13,-,-
CALIFA466,11.57+/-0.02,0.0+/-0.0,-,-,-
CALIFA467,10.8+/-0.04,0.0+/-0.0,-,-,-
CALIFA468,11.04+/-0.04,1.79+/-0.28,8.67+/-0.08,-,-
CALIFA469,9.97+/-0.05,2.08+/-0.92,-,-,-
CALIFA470,10.84+/-0.02,0.28+/-0.11,-,-,-
CALIFA471,10.61+/-0.04,1.62+/-0.57,7.82+/-nan,-,-
CALIFA472,11.54+/-0.08,6.36+/-2.63,8.86+/-0.02,-,-
CALIFA473,10.64+/-0.07,1.72+/-0.97,-,-,-
CALIFA474,11.24+/-0.05,4.07+/-1.05,8.54+/-0.12,-,-
CALIFA475,10.27+/-0.06,8.17+/-1.67,7.64+/-0.47,8.4+/-0.27,-
CALIFA476,10.64+/-0.03,3.2+/-1.32,7.64+/-0.17,9.26+/-0.03,-
CALIFA477,10.61+/-0.04,1.17+/-0.4,8.17+/-0.18,-,-
CALIFA478,10.38+/-0.08,11.55+/-2.02,7.49+/-0.17,-,-
CALIFA479,11.23+/-0.06,1.34+/-0.96,8.38+/-0.13,-,-
CALIFA480,11.21+/-0.06,0.26+/-0.39,-,-,-
CALIFA481,11.37+/-0.1,0.31+/-0.16,-,-,-
CALIFA482,10.66+/-0.06,0.56+/-0.42,7.97+/-0.08,-,-
CALIFA483,10.57+/-0.06,6.48+/-0.95,8.14+/-0.24,-,-
CALIFA484,10.96+/-0.07,0.75+/-0.16,-,-,-
CALIFA485,10.43+/-0.05,7.16+/-0.68,8.46+/-0.09,-,-
CALIFA486,9.77+/-0.1,3.33+/-0.99,-,8.35+/-0.1,-
CALIFA487,10.33+/-0.07,6.03+/-0.95,7.81+/-0.16,-,-
CALIFA488,11.27+/-0.07,7.05+/-3.23,8.95+/-0.13,-,-
CALIFA489,10.94+/-0.07,10.45+/-3.3,8.53+/-0.22,9.66+/-0.02,-
CALIFA490,9.94+/-0.06,1.87+/-0.72,-,-,-
CALIFA491,9.96+/-0.19,0.08+/-0.04,-,-,-
CALIFA492,9.48+/-0.14,3.03+/-0.31,-,-,-
CALIFA493,11.47+/-0.07,7.79+/-4.04,-,-,-
CALIFA494,10.56+/-0.06,0.09+/-0.08,-,-,-
CALIFA495,11.0+/-0.06,4.85+/-2.85,-,-,-
CALIFA496,10.53+/-0.05,2.18+/-0.63,8.14+/-0.06,-,-
CALIFA497,10.84+/-0.03,0.51+/-0.26,-,-,-
CALIFA498,10.68+/-0.05,1.22+/-1.02,8.23+/-0.02,-,-
CALIFA499,10.64+/-0.05,3.38+/-1.75,-,-,-
CALIFA500,10.63+/-0.05,2.91+/-1.74,-,9.53+/-0.07,-
CALIFA501,10.97+/-0.05,0.71+/-0.33,-,-,-
CALIFA502,10.65+/-0.07,0.31+/-0.04,7.35+/-0.45,9.2+/-0.02,-
CALIFA503,11.39+/-0.06,0.45+/-0.29,-,-,-
CALIFA504,10.87+/-0.07,3.09+/-1.87,-,-,-
CALIFA505,10.57+/-0.06,1.52+/-0.79,7.99+/-0.25,-,-
CALIFA506,10.53+/-0.06,2.25+/-0.42,7.87+/-0.07,-,-
CALIFA507,10.26+/-0.05,1.51+/-0.79,-,-,-
CALIFA508,10.67+/-0.05,2.9+/-1.18,8.2+/-0.21,-,-
CALIFA509,-34.85+/-0.06,0.0+/-0.0,-,-,-
CALIFA510,11.24+/-0.1,0.19+/-0.22,-,-,-
CALIFA511,10.93+/-0.06,7.03+/-2.19,8.15+/-0.15,-,-
CALIFA512,-35.65+/-0.05,0.0+/-0.0,-,-,-
CALIFA513,-35.14+/-0.06,0.0+/-0.0,-38.33+/-0.15,-,-
CALIFA514,10.81+/-0.06,4.76+/-2.35,-,-,-
CALIFA515,11.02+/-0.07,3.75+/-1.42,8.2+/-0.06,9.08+/-0.07,-
CALIFA516,10.52+/-0.05,0.02+/-0.07,-,-,-
CALIFA517,10.38+/-0.06,0.11+/-0.02,-,-,-
CALIFA518,10.61+/-0.07,1.8+/-1.04,7.91+/-0.03,8.86+/-0.05,-
CALIFA519,10.95+/-0.05,4.95+/-2.54,8.49+/-0.22,-,-
CALIFA520,10.52+/-0.05,7.48+/-1.68,8.31+/-0.86,9.29+/-0.06,-
CALIFA521,11.75+/-0.03,0.14+/-0.19,-,-,-
CALIFA522,10.91+/-0.05,3.78+/-1.63,8.63+/-0.17,-,-
CALIFA523,11.62+/-0.04,1.07+/-0.8,-,-,-
CALIFA524,9.98+/-0.08,3.17+/-1.33,-,-,-
CALIFA525,11.06+/-0.09,0.41+/-0.3,-,-,-
CALIFA526,9.52+/-0.06,0.15+/-0.11,-,-,-
CALIFA527,11.36+/-0.05,0.02+/-0.03,7.82+/-0.02,-,-
CALIFA528,9.79+/-0.08,1.15+/-0.5,-,7.66+/-0.59,0.41+/-0.04
CALIFA529,10.22+/-0.05,3.11+/-0.9,7.68+/-0.56,-,-
CALIFA530,11.23+/-0.06,0.16+/-0.08,-,-,-
CALIFA531,11.5+/-0.06,1.15+/-0.17,-,-,-
CALIFA532,10.53+/-0.05,2.8+/-1.39,-,-,-
CALIFA533,10.81+/-0.05,2.59+/-2.08,7.8+/-0.15,-,-
CALIFA534,10.97+/-0.05,6.39+/-3.53,8.71+/-0.03,-,-
CALIFA535,11.28+/-0.07,0.13+/-0.14,-,-,-
CALIFA536,-35.34+/-0.06,0.0+/-0.0,-,-,-
CALIFA537,-35.59+/-0.05,0.0+/-0.0,-,-,-
CALIFA538,-35.63+/-0.04,0.0+/-0.0,-38.06+/-0.06,-,-
CALIFA539,-35.39+/-0.06,0.0+/-0.0,-,-,-
CALIFA540,10.7+/-0.05,1.8+/-1.01,8.34+/-0.1,-,-
CALIFA541,9.84+/-0.07,0.04+/-0.02,-,-,-
CALIFA542,-35.39+/-0.07,0.0+/-0.0,-38.55+/-0.16,-,-
CALIFA543,-35.22+/-0.05,0.0+/-0.0,-38.1+/-0.35,-,-
CALIFA544,11.18+/-0.06,2.57+/-1.51,8.51+/-0.17,-,-
CALIFA545,-34.14+/-0.09,0.0+/-0.0,-37.64+/-0.02,-,-
CALIFA546,-35.16+/-0.05,0.0+/-0.0,-37.81+/-0.05,-,-
CALIFA547,-35.62+/-0.05,0.0+/-0.0,-38.24+/-0.12,-,-
CALIFA548,10.25+/-0.06,4.72+/-0.54,7.1+/-0.21,8.59+/-0.06,-
CALIFA549,10.89+/-0.05,6.11+/-3.55,-,-,-
CALIFA550,-34.87+/-0.06,0.0+/-0.0,-,-,-
CALIFA551,-35.23+/-0.06,0.0+/-0.0,-,-,-
CALIFA552,10.65+/-0.05,5.55+/-1.58,7.76+/-0.29,-,-
CALIFA553,10.77+/-0.05,7.89+/-1.63,8.01+/-0.21,-,-
CALIFA554,9.57+/-0.06,1.07+/-0.19,-,-,-
CALIFA555,-35.86+/-0.04,0.0+/-0.0,-38.12+/-0.11,-,-
CALIFA556,10.0+/-0.03,1.31+/-0.23,7.65+/-0.04,-,-
CALIFA557,10.42+/-0.05,3.46+/-0.47,8.0+/-0.02,-,-
CALIFA558,10.82+/-0.07,6.04+/-3.41,-,-,-
CALIFA559,11.66+/-0.08,0.46+/-0.42,-,-,-
CALIFA560,11.48+/-0.07,0.45+/-0.22,-,-,-
CALIFA561,-34.3+/-0.03,0.0+/-0.0,-,-,-
CALIFA562,11.13+/-0.07,0.82+/-0.2,-,-,-
CALIFA563,-34.71+/-0.09,0.0+/-0.0,-,-,-
CALIFA564,11.13+/-0.07,3.49+/-1.6,7.99+/-0.62,-,-
CALIFA565,-35.6+/-0.06,0.0+/-0.0,-,-,-
CALIFA566,-35.42+/-0.07,0.0+/-0.0,-,-,-
CALIFA567,9.91+/-0.06,0.83+/-0.41,-,-,-
CALIFA568,-34.91+/-0.06,0.0+/-0.0,-,-,-
CALIFA569,10.69+/-0.07,2.21+/-1.36,-,9.2+/-0.05,-
CALIFA570,9.74+/-0.18,4.28+/-1.32,-,-,-
CALIFA571,-35.75+/-0.04,0.0+/-0.0,-38.66+/-2.67,-,-
CALIFA572,10.94+/-0.06,17.31+/-2.75,9.05+/-0.1,-,-
CALIFA573,9.97+/-0.07,2.9+/-1.2,-,-,-
CALIFA574,10.49+/-0.06,2.15+/-0.86,8.25+/-0.1,-,-
CALIFA575,10.62+/-0.05,4.79+/-0.9,7.66+/-0.42,-,-
CALIFA576,9.55+/-0.06,0.91+/-0.21,-,-,-
CALIFA577,11.0+/-0.05,11.8+/-2.98,7.9+/-0.27,-,-
CALIFA578,11.45+/-0.07,2.18+/-0.01,-,-,-
CALIFA579,11.4+/-0.03,0.07+/-0.1,-,-,-
CALIFA580,10.61+/-0.05,2.96+/-0.74,7.55+/-1.7,-,-
CALIFA581,10.32+/-0.06,2.53+/-0.83,-,9.19+/-0.18,-
CALIFA582,-35.36+/-0.06,0.0+/-0.0,-37.96+/-0.26,-,-
CALIFA583,10.51+/-0.05,2.25+/-1.6,6.71+/-0.08,-,-
CALIFA584,11.18+/-0.06,2.07+/-1.53,-,-,-
CALIFA585,9.9+/-0.07,2.35+/-0.4,7.75+/-0.58,-,-
CALIFA586,11.12+/-0.09,0.13+/-0.1,-,-,-
CALIFA587,10.45+/-0.06,1.19+/-0.59,7.14+/-0.16,-,-
CALIFA588,11.41+/-0.07,0.93+/-0.37,-,-,-
CALIFA589,11.81+/-0.03,0.23+/-0.35,-,-,-
CALIFA590,10.58+/-0.05,3.97+/-1.26,-,-,-
CALIFA591,11.28+/-0.13,0.13+/-0.19,-,-,-
CALIFA592,11.74+/-0.18,5.02+/-1.16,-,-,-
CALIFA593,11.32+/-0.06,5.11+/-3.37,8.86+/-0.04,10.11+/-0.02,-
CALIFA594,11.12+/-0.08,0.1+/-0.08,-,-,-
CALIFA595,11.45+/-0.06,0.49+/-0.44,-,-,-
CALIFA596,11.37+/-0.06,1.99+/-1.7,-,-,-
CALIFA597,11.46+/-0.06,0.16+/-0.17,-,-,-
CALIFA598,11.01+/-0.07,1.93+/-1.08,8.47+/-0.09,-,-
CALIFA599,11.03+/-0.06,0.25+/-0.17,-,-,-
CALIFA600,11.34+/-0.05,0.82+/-0.08,-,-,-
CALIFA601,11.5+/-0.05,0.52+/-0.04,-,-,-
CALIFA602,11.14+/-0.05,0.25+/-0.4,-,-,-
CALIFA603,10.01+/-0.08,3.63+/-0.49,7.79+/-0.22,8.41+/-0.08,-
CALIFA604,11.38+/-0.08,0.22+/-0.22,-,-,-
CALIFA605,11.13+/-0.07,6.28+/-3.44,-,-,-
CALIFA606,9.61+/-0.1,1.94+/-0.42,-,7.58+/-0.21,-
CALIFA607,11.36+/-0.07,2.29+/-0.07,-,-,-
CALIFA608,10.9+/-0.06,4.25+/-2.25,8.5+/-0.14,9.45+/-0.04,-
CALIFA609,10.22+/-0.05,2.91+/-1.41,-,-,-
CALIFA610,11.01+/-0.07,2.37+/-1.24,8.32+/-0.41,9.76+/-0.03,-
CALIFA611,10.52+/-0.06,1.39+/-0.15,8.11+/-0.12,8.9+/-0.04,-
CALIFA612,11.54+/-0.05,0.1+/-0.43,-,-,-
CALIFA613,11.29+/-0.07,1.15+/-0.33,-,-,-
CALIFA614,10.95+/-0.06,7.28+/-1.18,8.51+/-0.21,-,-
CALIFA615,10.68+/-0.06,0.42+/-0.37,7.71+/-nan,-,-
CALIFA616,11.09+/-0.02,0.0+/-0.0,-,-,-
CALIFA617,11.37+/-0.04,6.05+/-1.78,-,-,-
CALIFA618,11.26+/-0.06,0.01+/-0.03,-,-,-
CALIFA619,11.06+/-0.09,0.02+/-0.02,-,-,-
CALIFA620,11.35+/-0.02,0.0+/-0.0,-,-,-
CALIFA621,11.32+/-0.06,5.0+/-1.32,8.63+/-0.19,-,-
CALIFA622,11.77+/-0.06,0.02+/-0.01,-,-,-
CALIFA623,10.77+/-0.06,2.21+/-1.54,-,-,-
CALIFA624,11.37+/-0.04,0.73+/-0.0,-,9.36+/-0.04,-
CALIFA625,10.83+/-0.05,2.11+/-0.81,8.6+/-0.07,-,-
CALIFA626,9.96+/-0.04,0.57+/-0.25,7.46+/-1.06,-,-
CALIFA627,11.14+/-0.03,0.0+/-0.0,8.49+/-0.05,-,-
CALIFA628,9.63+/-0.05,0.21+/-0.12,-,-,-
CALIFA629,11.21+/-0.02,0.0+/-0.0,-,-,-
CALIFA630,10.29+/-0.04,0.51+/-0.08,7.37+/-0.12,8.37+/-0.07,-
CALIFA631,11.04+/-0.03,0.0+/-0.0,-,-,-
CALIFA632,11.31+/-0.04,2.64+/-0.57,8.26+/-0.76,-,-
CALIFA633,10.6+/-0.04,0.0+/-0.0,-,-,-
CALIFA634,10.87+/-0.02,1.58+/-0.14,7.83+/-0.13,9.86+/-0.01,-
CALIFA635,11.48+/-0.07,1.91+/-1.3,8.66+/-0.02,-,-
CALIFA636,11.7+/-0.04,2.14+/-0.78,8.1+/-0.51,-,-
CALIFA637,11.5+/-0.03,3.06+/-1.18,8.36+/-0.05,-,-
CALIFA638,11.16+/-0.06,6.9+/-4.44,-,-,-
CALIFA639,11.64+/-0.02,0.0+/-0.0,-,-,-
CALIFA640,11.02+/-0.07,12.37+/-4.82,8.91+/-0.07,-,-
CALIFA641,11.41+/-0.03,0.0+/-0.0,-,-,-
CALIFA642,11.39+/-0.02,0.01+/-0.0,-,-,-
CALIFA643,11.65+/-0.02,0.15+/-0.04,-,-,-
CALIFA644,10.14+/-0.03,0.2+/-0.09,-,-,-
CALIFA645,9.99+/-0.05,0.58+/-0.22,7.67+/-0.22,-,-
CALIFA646,11.06+/-0.02,0.0+/-0.0,-,-,-
CALIFA647,10.95+/-0.05,0.0+/-0.0,-,-,-
CALIFA648,11.49+/-0.04,0.0+/-0.0,-,-,-
CALIFA649,10.56+/-0.06,2.0+/-0.98,8.33+/-0.07,-,-
CALIFA650,10.83+/-0.04,8.12+/-1.18,8.21+/-0.14,-,-
CALIFA651,11.25+/-0.06,1.54+/-0.73,-,9.52+/-0.06,-
CALIFA652,9.35+/-0.05,0.19+/-0.13,-,7.42+/-0.0,-
CALIFA653,10.61+/-0.05,0.55+/-0.16,-,8.55+/-0.29,-
CALIFA654,11.22+/-0.02,0.03+/-0.02,-,-,-
CALIFA655,9.67+/-0.06,0.39+/-0.2,-,-,-
CALIFA656,10.9+/-0.06,1.28+/-0.62,-,-,-
CALIFA657,9.84+/-0.04,1.05+/-0.27,-,8.15+/-0.1,-
CALIFA658,10.95+/-0.04,16.45+/-1.65,8.42+/-0.13,-,-
CALIFA659,10.53+/-0.05,0.19+/-0.18,8.13+/-0.02,8.96+/-0.07,-
CALIFA660,11.22+/-0.03,0.0+/-0.01,-,-,-
CALIFA661,10.25+/-0.06,0.21+/-0.13,7.7+/-0.02,-,-
CALIFA662,11.06+/-0.02,0.0+/-0.0,-,-,-
CALIFA663,11.51+/-0.02,0.0+/-0.05,8.68+/-0.09,10.0+/-0.02,-
CALIFA664,10.47+/-0.06,0.03+/-0.05,-,8.47+/-0.19,-
CALIFA665,11.25+/-0.06,1.92+/-1.06,-,9.74+/-0.29,-
CALIFA666,11.06+/-0.04,2.61+/-0.73,8.79+/-0.12,-,-
CALIFA667,10.81+/-0.03,1.93+/-0.66,8.52+/-0.23,-,-
CALIFA668,10.16+/-0.04,2.15+/-0.32,8.21+/-0.12,-,-
CALIFA669,10.58+/-0.04,0.66+/-0.22,7.93+/-0.06,-,-
CALIFA670,10.99+/-0.05,1.65+/-0.44,8.38+/-0.02,-,-
CALIFA671,11.59+/-0.02,0.0+/-0.0,6.47+/-nan,-,-
CALIFA672,10.68+/-0.03,0.55+/-0.24,7.93+/-0.04,8.86+/-0.31,-
CALIFA673,10.02+/-0.02,0.0+/-0.01,-,7.92+/-0.55,-
CALIFA674,11.26+/-0.06,0.77+/-0.13,-,-,-
CALIFA675,10.68+/-0.05,1.13+/-0.29,8.12+/-0.27,-,-
CALIFA676,10.71+/-0.03,0.19+/-0.14,-,8.61+/-0.51,-
CALIFA677,11.05+/-0.06,3.48+/-1.8,-,-,-
CALIFA678,10.64+/-0.07,5.81+/-0.95,8.61+/-0.14,-,-
CALIFA679,10.15+/-0.04,0.88+/-0.46,7.7+/-0.64,8.69+/-0.31,-
CALIFA680,10.63+/-0.02,5.23+/-1.07,7.23+/-0.1,9.62+/-0.01,-
CALIFA681,10.27+/-0.03,0.7+/-0.63,8.06+/-0.28,-,-
CALIFA682,11.48+/-0.02,7.22+/-0.84,8.81+/-0.21,-,-
CALIFA683,10.93+/-0.02,0.02+/-0.0,-,-,-
CALIFA684,11.32+/-0.08,1.14+/-1.07,8.56+/-0.02,9.69+/-0.04,-
CALIFA685,9.87+/-0.05,0.13+/-0.06,-,8.28+/-0.06,-
CALIFA686,11.45+/-0.08,3.35+/-0.5,8.57+/-0.17,9.53+/-0.84,-
CALIFA687,10.92+/-0.05,0.91+/-0.92,8.27+/-0.06,-,-
CALIFA688,9.83+/-0.02,0.15+/-0.01,7.47+/-0.03,8.12+/-0.01,-
CALIFA689,11.14+/-0.06,0.38+/-0.22,-,-,-
CALIFA690,10.74+/-0.02,0.01+/-0.03,7.44+/-0.02,8.41+/-0.54,-
CALIFA691,11.46+/-0.08,0.15+/-0.04,-,-,-
CALIFA692,10.83+/-0.04,10.13+/-1.43,7.88+/-0.19,-,-
CALIFA693,10.23+/-0.04,0.02+/-0.06,-,-,-
CALIFA694,11.13+/-0.03,0.23+/-0.02,8.39+/-0.03,-,-
CALIFA695,11.36+/-0.05,0.32+/-0.23,-,-,-
CALIFA696,10.88+/-0.04,0.2+/-0.11,8.03+/-0.1,-,-
CALIFA697,9.6+/-0.04,0.06+/-0.03,-,7.88+/-0.17,-
CALIFA698,11.53+/-0.02,0.06+/-0.04,-,-,-
CALIFA699,10.61+/-0.06,7.13+/-1.34,8.44+/-0.32,9.4+/-0.19,-
CALIFA700,11.15+/-0.02,0.01+/-0.0,-,-,-
CALIFA701,11.22+/-0.04,0.0+/-0.01,-,-,-
CALIFA702,11.0+/-0.02,0.01+/-0.0,-,-,-
CALIFA703,11.1+/-0.02,0.0+/-0.0,-,-,-
CALIFA704,11.68+/-0.02,0.01+/-0.0,-,-,-
CALIFA705,10.57+/-0.02,0.0+/-0.0,-,-,-
CALIFA706,10.63+/-0.04,0.0+/-0.02,8.26+/-0.09,-,-
CALIFA707,10.38+/-0.06,4.37+/-0.72,7.85+/-0.22,8.92+/-0.03,-
CALIFA708,11.05+/-0.04,0.0+/-0.0,-,-,-
CALIFA709,11.56+/-0.02,0.0+/-0.0,-,-,-
CALIFA710,11.64+/-0.04,0.11+/-0.06,-,-,-
CALIFA711,9.45+/-0.02,0.2+/-0.09,-,7.96+/-0.32,-
CALIFA712,10.29+/-0.05,1.13+/-0.49,7.87+/-0.23,-,-
CALIFA713,9.57+/-0.04,0.48+/-0.3,-,7.93+/-0.19,-
CALIFA714,10.98+/-0.04,4.85+/-2.28,8.73+/-0.09,9.83+/-0.04,-
CALIFA715,10.19+/-0.04,1.04+/-0.47,7.43+/-0.21,8.67+/-0.03,-
CALIFA716,11.39+/-0.06,0.36+/-0.17,-,-,-
CALIFA717,10.55+/-0.04,1.92+/-1.05,8.28+/-0.02,9.11+/-0.0,-
CALIFA718,10.13+/-0.04,1.14+/-0.39,8.02+/-0.21,8.87+/-0.32,-
CALIFA719,10.94+/-0.02,1.93+/-0.35,8.45+/-0.26,9.64+/-0.6,-
CALIFA720,10.9+/-0.04,1.8+/-0.35,7.82+/-0.21,9.3+/-0.26,-
CALIFA721,10.57+/-0.04,0.46+/-0.38,8.26+/-0.03,-,-
CALIFA722,10.52+/-0.04,1.04+/-0.42,-,-,-
CALIFA723,11.45+/-0.06,0.01+/-0.02,-,-,-
CALIFA724,11.31+/-0.05,0.27+/-0.41,8.49+/-0.02,9.62+/-0.29,-
CALIFA725,9.98+/-0.04,0.55+/-0.42,-,8.1+/-0.25,-
CALIFA726,11.97+/-0.02,0.0+/-0.0,-,-,-
CALIFA727,11.66+/-0.02,0.0+/-0.0,-,-,-
CALIFA728,11.31+/-0.05,0.0+/-0.03,-,-,-
CALIFA729,11.54+/-0.02,0.0+/-0.0,-,-,-
CALIFA730,11.86+/-0.02,0.02+/-0.0,-,-,-
CALIFA731,10.88+/-0.04,6.03+/-1.7,8.22+/-0.21,9.47+/-0.17,-
CALIFA732,10.87+/-0.05,1.73+/-0.56,8.59+/-0.07,9.58+/-0.03,-
CALIFA733,10.68+/-0.04,1.57+/-0.78,8.23+/-0.2,9.18+/-0.47,-
CALIFA734,10.95+/-0.02,0.0+/-0.0,-,-,-
CALIFA735,10.98+/-0.07,1.37+/-0.43,8.47+/-0.15,9.57+/-0.45,-
CALIFA736,10.53+/-0.05,0.48+/-0.18,-,8.67+/-0.2,-
CALIFA737,10.67+/-0.04,0.0+/-0.01,-,-,-
CALIFA738,11.33+/-0.02,0.02+/-0.0,-,-,-
CALIFA739,10.55+/-0.02,0.0+/-0.0,-,-,-
CALIFA740,11.54+/-0.02,0.0+/-0.06,8.52+/-0.05,9.84+/-0.01,-
CALIFA741,11.41+/-0.05,8.56+/-2.91,8.69+/-1.03,10.0+/-0.43,-
CALIFA742,10.96+/-0.03,9.39+/-2.18,7.61+/-0.1,9.34+/-0.67,-
CALIFA743,10.52+/-0.05,0.99+/-0.58,8.05+/-0.02,9.04+/-0.22,-
CALIFA744,11.04+/-0.02,0.0+/-0.0,-,-,-
CALIFA745,10.33+/-0.05,2.26+/-1.14,-,8.93+/-0.28,-
CALIFA746,11.16+/-0.09,0.01+/-0.03,-,-,-
CALIFA747,10.98+/-0.05,8.57+/-1.7,7.73+/-0.29,9.63+/-0.1,-
CALIFA748,10.5+/-0.06,3.69+/-1.11,8.06+/-0.15,9.14+/-0.02,-
CALIFA749,10.1+/-0.02,2.5+/-0.18,8.11+/-0.04,8.34+/-0.02,-
CALIFA750,11.4+/-0.03,1.14+/-0.59,-,8.98+/-0.33,-
CALIFA751,10.33+/-0.05,2.14+/-0.71,-,8.72+/-0.05,-
CALIFA752,11.42+/-0.04,0.0+/-0.0,-,-,-
CALIFA753,10.85+/-0.04,3.01+/-0.34,8.13+/-0.18,9.11+/-0.46,-
CALIFA754,10.58+/-0.04,0.89+/-0.13,8.23+/-0.3,9.11+/-0.04,-
CALIFA755,10.7+/-0.05,0.14+/-0.18,-,9.37+/-0.2,-
CALIFA756,10.51+/-0.02,3.69+/-0.78,7.6+/-0.14,8.79+/-0.19,-
CALIFA757,11.16+/-0.02,0.0+/-0.03,8.19+/-0.02,8.86+/-0.92,-
CALIFA758,9.74+/-0.03,0.43+/-0.29,-,-,-
CALIFA759,10.9+/-0.02,0.0+/-0.01,-,-,-
CALIFA760,11.05+/-0.02,0.0+/-0.0,7.76+/-0.02,-,-
CALIFA761,10.99+/-0.04,0.0+/-0.02,-,-,-
CALIFA762,11.25+/-0.04,1.11+/-0.34,8.33+/-0.05,9.25+/-0.16,-
CALIFA763,10.49+/-0.07,0.78+/-0.18,7.93+/-0.02,8.69+/-0.36,-
CALIFA764,11.2+/-0.07,9.38+/-3.7,-,9.89+/-0.16,-
CALIFA765,9.78+/-0.06,0.37+/-0.2,-,8.27+/-0.34,-
CALIFA766,10.02+/-0.06,1.55+/-0.43,7.93+/-0.08,8.58+/-0.12,-
CALIFA767,9.76+/-0.07,1.19+/-0.48,7.62+/-0.11,7.94+/-0.02,-
CALIFA768,10.24+/-0.05,1.84+/-0.5,8.04+/-0.09,8.82+/-0.07,-
CALIFA769,10.51+/-0.05,1.46+/-0.86,8.16+/-0.02,9.15+/-0.04,-
CALIFA770,11.52+/-0.06,0.86+/-0.42,-,-,-
CALIFA771,10.59+/-0.05,4.28+/-0.73,8.14+/-0.03,9.16+/-0.2,0.21+/-0.03
CALIFA772,11.29+/-0.06,0.37+/-0.31,-,-,-
CALIFA773,11.56+/-0.02,0.0+/-0.0,-,-,-
CALIFA774,11.54+/-0.04,2.49+/-0.49,8.62+/-0.02,9.96+/-0.03,0.52+/-0.03
CALIFA775,10.62+/-0.05,1.55+/-0.62,8.28+/-0.06,9.31+/-0.05,-
CALIFA776,11.06+/-0.05,0.0+/-0.01,-,-,-
CALIFA777,11.22+/-0.05,1.35+/-0.52,8.15+/-0.17,9.52+/-0.16,-
CALIFA778,11.47+/-0.02,0.0+/-0.05,8.44+/-0.1,9.4+/-0.04,-
CALIFA779,10.75+/-0.05,0.99+/-0.35,-,9.32+/-0.01,-
CALIFA780,10.99+/-0.03,0.0+/-0.0,-,-,-
CALIFA781,11.78+/-0.02,0.02+/-0.01,-,-,-
CALIFA782,11.19+/-0.04,0.0+/-0.02,-,-,-
CALIFA783,10.31+/-0.05,0.8+/-0.6,8.19+/-0.06,8.94+/-0.03,-
CALIFA784,10.65+/-0.06,6.66+/-1.08,7.61+/-nan,-,-
CALIFA785,11.14+/-0.06,1.9+/-1.46,8.58+/-0.53,-,-
CALIFA786,11.05+/-0.03,0.0+/-0.0,-,-,-
CALIFA787,10.97+/-0.02,0.06+/-0.08,-,-,-
CALIFA788,10.39+/-0.04,0.24+/-0.22,8.0+/-0.23,-,-
CALIFA789,11.51+/-0.06,1.5+/-0.02,-,9.82+/-0.11,-
CALIFA790,10.49+/-0.03,1.48+/-1.01,8.32+/-0.08,9.27+/-0.02,-
CALIFA791,11.44+/-0.05,0.22+/-0.29,8.85+/-0.07,9.94+/-0.01,-
CALIFA792,10.91+/-0.04,13.19+/-2.51,8.73+/-0.95,9.83+/-0.26,-
CALIFA793,9.83+/-0.06,0.31+/-0.21,-,-,-
CALIFA794,11.28+/-0.02,0.0+/-0.0,-,-,-
CALIFA795,10.9+/-0.02,1.74+/-0.09,7.55+/-0.14,9.33+/-0.02,-
CALIFA796,11.17+/-0.04,0.01+/-0.1,8.6+/-0.19,9.81+/-0.02,-
CALIFA797,10.32+/-0.04,1.53+/-0.7,-,9.08+/-0.07,-
CALIFA798,10.59+/-0.07,2.36+/-1.33,-,9.17+/-0.05,-
CALIFA799,10.16+/-0.03,0.11+/-0.1,7.71+/-0.02,8.42+/-0.61,-
CALIFA800,9.84+/-0.04,0.28+/-0.16,-,8.34+/-0.09,-
CALIFA801,10.68+/-0.02,2.42+/-1.42,7.69+/-0.12,9.49+/-0.01,-
CALIFA802,10.74+/-0.08,89.5+/-4.47,8.35+/-0.16,-,-
CALIFA803,10.41+/-0.05,0.97+/-0.24,7.68+/-0.05,8.26+/-0.05,0.17+/-0.03
CALIFA804,10.52+/-0.05,0.38+/-0.18,-,8.01+/-0.48,-
CALIFA805,9.96+/-0.04,0.49+/-0.2,7.52+/-0.43,8.46+/-0.09,-
CALIFA806,11.32+/-0.06,0.1+/-0.08,-,-,-
CALIFA807,11.1+/-0.03,0.12+/-0.2,-,9.57+/-0.03,-
CALIFA808,11.21+/-0.02,0.01+/-0.01,-,-,-
CALIFA809,11.24+/-0.04,0.0+/-0.0,-,-,-
CALIFA810,10.99+/-0.05,2.8+/-2.73,8.55+/-0.22,9.7+/-0.02,-
CALIFA811,10.17+/-0.06,0.93+/-0.19,7.93+/-0.15,8.86+/-0.03,-
CALIFA812,10.57+/-0.05,0.87+/-0.26,8.24+/-0.05,9.0+/-0.04,0.39+/-0.09
CALIFA813,10.78+/-0.02,1.35+/-0.17,8.34+/-0.02,9.33+/-0.04,-
CALIFA814,11.52+/-0.03,0.0+/-0.02,-,-,-
CALIFA815,11.09+/-0.02,0.0+/-0.0,-,-,-
CALIFA816,11.06+/-0.06,0.34+/-0.18,-,-,-
CALIFA817,10.09+/-0.03,0.64+/-0.38,7.5+/-1.37,7.93+/-0.14,-
CALIFA818,10.74+/-0.05,1.72+/-0.62,8.48+/-0.14,9.48+/-0.02,-
CALIFA819,10.85+/-0.02,0.0+/-0.0,7.05+/-0.59,8.01+/-0.22,-
CALIFA820,10.62+/-0.03,0.0+/-0.03,7.22+/-0.41,8.74+/-0.46,-
CALIFA821,11.17+/-0.06,3.45+/-1.31,8.74+/-0.02,9.68+/-0.03,-
CALIFA822,11.27+/-0.09,0.0+/-0.03,8.41+/-0.21,9.6+/-0.04,-
CALIFA823,10.34+/-0.04,0.66+/-0.2,7.28+/-0.67,-,-
CALIFA824,10.76+/-0.03,1.11+/-0.34,8.38+/-0.11,9.35+/-0.04,-
CALIFA825,10.39+/-0.05,0.95+/-0.31,-,-,-
CALIFA826,11.22+/-0.06,0.0+/-0.02,-,-,-
CALIFA827,9.72+/-0.04,0.37+/-0.28,-,8.12+/-0.5,-
CALIFA828,10.22+/-0.03,2.45+/-0.37,7.55+/-nan,-,-
CALIFA829,11.4+/-0.04,0.0+/-0.0,-,-,-
CALIFA830,11.3+/-0.07,1.99+/-0.32,8.41+/-0.11,9.68+/-0.25,-
CALIFA831,10.54+/-0.03,0.54+/-0.28,8.34+/-0.1,9.07+/-0.0,-
CALIFA832,11.73+/-0.06,2.0+/-1.95,-,-,-
CALIFA833,11.08+/-0.06,2.37+/-1.48,-,9.58+/-0.13,-
CALIFA834,11.23+/-0.06,0.95+/-0.04,8.08+/-nan,9.42+/-0.06,-
CALIFA835,11.6+/-0.05,0.23+/-0.32,-,-,-
CALIFA836,10.37+/-0.06,3.53+/-0.48,8.18+/-0.13,8.94+/-0.03,-
CALIFA837,10.6+/-0.04,6.58+/-0.76,7.92+/-0.66,9.61+/-0.02,-
CALIFA838,10.85+/-0.06,0.54+/-0.26,-,-,-
CALIFA839,11.84+/-0.09,4.02+/-1.81,-,-,-
CALIFA840,11.75+/-0.07,1.91+/-1.3,-,-,-
CALIFA841,10.12+/-0.05,2.11+/-0.28,8.12+/-0.07,8.65+/-0.06,-
CALIFA842,10.75+/-0.05,3.36+/-1.22,7.7+/-0.3,9.46+/-0.02,-
CALIFA843,10.08+/-0.12,3.34+/-0.61,-,8.15+/-0.03,0.48+/-0.09
CALIFA844,11.22+/-0.02,0.02+/-0.0,-,-,-
CALIFA845,11.66+/-0.03,0.0+/-0.03,-,-,-
CALIFA846,11.46+/-0.02,0.0+/-0.0,-,-,-
CALIFA847,11.18+/-0.03,0.65+/-0.34,-,-,-
CALIFA848,10.78+/-0.05,0.58+/-0.27,-,8.42+/-0.09,-
CALIFA849,11.18+/-0.03,6.15+/-1.81,8.76+/-0.02,9.96+/-0.03,-
CALIFA850,11.31+/-0.04,0.0+/-0.02,-,9.57+/-0.03,-
CALIFA851,11.72+/-0.04,0.0+/-0.0,-,-,-
CALIFA852,9.72+/-0.04,0.82+/-0.49,-,8.39+/-0.19,-
CALIFA853,11.07+/-0.05,4.36+/-1.7,8.69+/-0.16,10.06+/-0.01,-
CALIFA854,11.13+/-0.07,2.13+/-0.87,-,9.57+/-0.19,-
CALIFA855,10.61+/-0.05,1.79+/-1.53,-,-,-
CALIFA856,10.65+/-0.05,1.19+/-0.87,8.17+/-0.03,9.47+/-0.4,-
CALIFA857,11.08+/-0.03,1.99+/-0.61,8.58+/-0.19,9.86+/-0.04,0.3+/-0.04
CALIFA858,11.54+/-0.06,0.0+/-0.0,-,-,0.54+/-0.24
CALIFA859,11.25+/-0.02,0.0+/-0.0,-,-,-
CALIFA860,10.95+/-0.08,0.26+/-0.01,-,-,-
CALIFA861,10.69+/-0.05,1.41+/-1.14,-,8.96+/-0.11,-
CALIFA862,11.29+/-0.06,8.06+/-4.76,8.98+/-0.03,10.14+/-0.02,-
CALIFA863,11.2+/-0.06,1.65+/-0.57,-,9.64+/-0.53,-
CALIFA864,11.38+/-0.07,0.01+/-0.03,-,-,-
CALIFA865,11.41+/-0.02,0.01+/-0.01,-,-,-
CALIFA866,10.18+/-0.05,0.8+/-0.52,-,8.99+/-0.24,-
CALIFA867,10.59+/-0.02,0.0+/-0.0,-,-,-
CALIFA868,10.96+/-0.05,2.9+/-1.29,8.07+/-nan,9.38+/-0.11,-
CALIFA869,11.22+/-0.08,2.97+/-0.6,-,9.8+/-0.12,-
CALIFA870,11.16+/-0.08,0.0+/-0.0,-,-,-
CALIFA871,11.27+/-0.05,1.45+/-0.79,8.43+/-0.03,9.16+/-0.23,-
CALIFA872,10.45+/-0.03,0.56+/-0.14,-,8.86+/-0.07,-
CALIFA873,11.19+/-0.05,11.87+/-11.55,-,9.59+/-0.37,0.13+/-0.05
CALIFA874,11.55+/-0.03,0.0+/-0.0,-,8.75+/-0.88,-
CALIFA875,11.14+/-0.04,0.0+/-0.02,-,-,-
CALIFA876,11.0+/-0.03,1.46+/-0.21,8.51+/-0.02,9.39+/-0.02,-
CALIFA877,11.04+/-0.07,3.11+/-1.67,8.61+/-0.04,9.01+/-1.82,0.65+/-0.07
CALIFA878,9.54+/-0.05,0.2+/-0.11,-,8.16+/-0.19,-
CALIFA879,10.64+/-0.05,3.18+/-1.74,-,9.55+/-0.48,-
CALIFA880,10.8+/-0.09,0.54+/-0.02,-,9.23+/-0.39,-
CALIFA881,11.62+/-0.02,0.0+/-0.0,-,-,0.77+/-0.04
CALIFA882,11.47+/-0.02,0.0+/-0.0,-,-,-
CALIFA883,11.81+/-0.05,0.0+/-0.01,-,-,-
CALIFA884,10.03+/-0.06,0.86+/-0.29,-,8.88+/-0.64,-
CALIFA885,9.29+/-0.03,0.08+/-0.07,-,7.87+/-0.1,-
CALIFA886,11.32+/-0.02,0.02+/-0.15,8.44+/-0.07,9.57+/-0.31,-
CALIFA887,11.18+/-0.04,3.55+/-0.8,8.65+/-0.05,9.86+/-0.39,-
CALIFA888,11.62+/-0.02,0.0+/-0.0,-,-,-
CALIFA889,11.02+/-0.02,2.31+/-0.18,8.1+/-0.13,9.47+/-0.23,-
CALIFA890,10.89+/-0.07,1.36+/-0.66,-,9.53+/-0.09,-
CALIFA891,10.3+/-0.04,0.53+/-0.52,7.8+/-0.26,9.05+/-0.09,-
CALIFA892,10.67+/-0.05,1.06+/-0.31,8.35+/-0.02,9.21+/-0.03,-
CALIFA893,11.64+/-0.02,0.0+/-0.0,-,-,-
CALIFA894,11.2+/-0.05,0.0+/-0.0,-,-,0.48+/-0.24
CALIFA895,9.43+/-0.07,0.9+/-0.12,-,7.8+/-0.49,-
CALIFA896,11.01+/-0.03,2.74+/-0.85,8.72+/-0.03,9.77+/-0.13,-
CALIFA897,10.71+/-0.02,0.0+/-0.0,7.4+/-0.84,8.85+/-1.22,0.0+/-0.01
CALIFA898,10.86+/-0.03,6.25+/-2.09,8.6+/-0.13,9.66+/-0.28,-
CALIFA899,10.63+/-0.04,3.11+/-0.87,8.42+/-0.06,9.53+/-0.1,-
CALIFA900,11.5+/-0.02,0.0+/-0.0,-,-,-
CALIFA901,10.71+/-0.06,2.21+/-1.62,8.49+/-0.16,9.39+/-0.14,-
CALIFA902,11.26+/-0.02,0.0+/-0.0,-,-,-
CALIFA903,11.52+/-0.02,0.0+/-0.0,-,-,-
CALIFA904,10.99+/-0.03,12.21+/-2.38,8.15+/-0.13,9.82+/-0.02,-
CALIFA905,9.93+/-0.05,1.48+/-0.49,-,-,-
CALIFA906,10.5+/-0.05,0.79+/-0.4,8.17+/-0.11,9.36+/-0.47,-
CALIFA907,10.3+/-0.03,0.21+/-0.18,7.81+/-0.22,8.9+/-0.35,-
CALIFA908,10.95+/-0.02,0.0+/-0.0,-,-,-
CALIFA909,10.47+/-0.05,1.08+/-0.83,8.28+/-0.07,9.22+/-0.27,-
CALIFA910,10.36+/-0.1,0.0+/-0.01,-,-,-
CALIFA911,11.52+/-0.03,0.0+/-0.0,-,-,-
CALIFA912,10.99+/-0.03,0.0+/-0.0,-,-,-
CALIFA913,10.35+/-0.03,0.5+/-0.08,7.43+/-0.14,8.65+/-0.46,-
CALIFA914,10.71+/-0.04,0.66+/-0.21,7.97+/-0.07,9.21+/-0.08,-
CALIFA915,10.81+/-0.04,0.62+/-0.37,8.48+/-0.06,9.51+/-0.6,-
CALIFA916,11.26+/-0.02,0.0+/-0.0,-,-,-
CALIFA917,11.2+/-0.09,0.02+/-0.02,-,-,-
CALIFA918,10.6+/-0.02,2.09+/-0.59,7.26+/-0.18,9.17+/-0.35,-
CALIFA919,11.1+/-0.05,0.0+/-0.0,-,-,0.55+/-0.17
CALIFA920,10.54+/-0.05,0.22+/-0.27,8.13+/-0.08,-,-
CALIFA921,10.16+/-0.03,0.59+/-0.13,-,-,-
CALIFA922,10.29+/-0.03,2.85+/-0.46,8.23+/-0.22,9.13+/-0.2,-
CALIFA923,11.38+/-0.02,0.04+/-0.03,-,-,-
CALIFA924,10.57+/-0.03,0.74+/-0.15,7.68+/-0.09,8.89+/-0.33,-
CALIFA925,11.32+/-0.06,0.29+/-0.1,8.28+/-0.08,-,-
CALIFA926,10.13+/-0.04,1.62+/-0.38,7.99+/-0.63,-,-
CALIFA927,11.18+/-0.02,7.15+/-2.45,7.89+/-0.2,9.99+/-0.01,-
CALIFA928,11.02+/-0.05,1.48+/-1.38,8.21+/-0.18,9.33+/-0.12,-
CALIFA929,11.03+/-0.06,6.47+/-3.0,8.79+/-0.13,9.63+/-0.18,-
CALIFA930,10.18+/-0.03,2.8+/-0.73,-,8.86+/-0.02,-
CALIFA931,11.33+/-0.05,0.54+/-0.54,8.55+/-0.02,9.72+/-0.06,-
CALIFA932,11.54+/-0.02,0.0+/-0.0,-,-,-
CALIFA933,10.73+/-0.05,1.0+/-0.2,7.53+/-nan,9.42+/-0.26,-
CALIFA934,9.98+/-0.04,0.36+/-0.13,-,8.54+/-0.01,-
CALIFA935,10.23+/-0.02,1.06+/-0.45,-,8.95+/-0.18,-
CALIFA936,11.03+/-0.09,0.13+/-0.07,-,-,0.21+/-0.06
CALIFA937,9.74+/-0.03,0.84+/-0.17,7.33+/-0.29,7.93+/-0.11,-
CALIFA1000,-35.64+/-0.12,0.0+/-0.0,-38.57+/-0.81,6.82+/-0.15,-
CALIFA1002,8.62+/-0.05,0.05+/-0.01,-,-,-
CALIFA1003,-3.6+/-0.11,0.0+/-0.0,-,-,-
CALIFA1005,10.94+/-0.07,0.78+/-0.69,-,9.56+/-0.07,-
CALIFA1007,-36.25+/-0.18,0.0+/-0.0,-38.91+/-0.64,6.29+/-0.51,-
CALIFA1009,-35.98+/-0.08,0.0+/-0.0,-,7.63+/-0.34,-
CALIFA1010,-36.17+/-0.05,0.0+/-0.0,-,7.13+/-0.26,-
CALIFA1011,9.24+/-0.05,0.22+/-0.03,-,7.98+/-0.21,-
CALIFA1013,-36.14+/-0.18,0.0+/-0.0,-38.99+/-0.14,7.04+/-0.2,-
CALIFA1015,8.98+/-0.05,0.21+/-0.03,-,7.4+/-0.09,-
CALIFA1016,-36.3+/-0.06,0.0+/-0.0,-,7.56+/-0.42,0.35+/-0.06
CALIFA1017,-36.31+/-0.11,0.0+/-0.0,-,-,-
CALIFA1018,-37.73+/-0.09,0.0+/-0.0,-,6.97+/-0.02,-
CALIFA1020,-36.16+/-0.04,0.0+/-0.0,-,6.95+/-0.15,-
CALIFA1022,-35.97+/-0.07,0.0+/-0.0,-38.3+/-0.1,6.99+/-0.41,-
CALIFA1024,-36.09+/-0.09,0.0+/-0.0,-38.63+/-nan,7.18+/-0.49,-
CALIFA1025,-2.83+/-0.24,0.0+/-0.0,-5.28+/-0.16,-,-
CALIFA1027,-36.08+/-0.05,0.0+/-0.0,-,7.65+/-0.3,-
CALIFA1028,-36.01+/-0.09,0.0+/-0.0,-39.09+/-nan,7.42+/-0.03,-
CALIFA1030,-36.08+/-0.06,0.0+/-0.0,-,-,-
CALIFA1032,-36.09+/-0.06,0.0+/-0.0,-38.44+/-0.06,7.14+/-0.04,-
CALIFA1034,-36.08+/-0.09,0.0+/-0.0,-38.56+/-0.38,7.12+/-0.45,-
CALIFA1035,-35.5+/-0.11,0.0+/-0.0,-,-,-
CALIFA1039,-35.95+/-0.06,0.0+/-0.0,-39.16+/-nan,7.63+/-0.03,-
CALIFA1041,-35.92+/-0.03,0.0+/-0.0,-,-,-
CALIFA1065,9.21+/-0.02,0.0+/-0.0,-,-,-
CALIFA1066,-36.54+/-0.04,0.0+/-0.0,-,-,-
CALIFA1067,-35.78+/-nan,0.0+/-0.0,-38.28+/-0.27,7.39+/-0.02,-
CALIFA1069,-36.0+/-0.03,0.0+/-0.0,-,-,-
CALIFA1075,-35.81+/-0.13,0.0+/-0.0,-,6.7+/-0.14,-
CALIFA1076,9.22+/-0.06,0.11+/-0.02,-,7.79+/-0.2,-
CALIFA1079,-36.07+/-0.08,0.0+/-0.0,-,7.06+/-0.25,-
CALIFA1080,7.35+/-0.18,0.02+/-0.0,-,8.24+/-0.09,-
CALIFA1081,-36.0+/-0.06,0.0+/-0.0,-38.26+/-0.11,7.61+/-0.21,-
CALIFA2014,-3.62+/-0.18,0.0+/-0.0,-6.49+/-0.22,-,-
CALIFA2017,-2.8+/-0.1,0.0+/-0.0,-,-,-
CALIFA2044,10.9+/-0.02,0.0+/-0.0,-,-,-
CALIFA2052,9.86+/-0.28,7.18+/-3.12,-,8.68+/-0.4,-
CALIFA2063,10.85+/-0.08,0.09+/-0.05,6.86+/-nan,-,-
CALIFA2077,10.27+/-0.08,0.45+/-0.23,-,8.96+/-0.31,-
CALIFA2078,10.97+/-0.1,4.71+/-4.2,8.08+/-0.2,9.39+/-0.19,-
CALIFA2663,10.39+/-0.07,0.15+/-0.09,-,-,-
CALIFA2707,10.46+/-0.1,0.03+/-0.05,-,-,-
CALIFA2752,9.91+/-0.07,0.14+/-0.08,-,8.68+/-0.41,-
CALIFA2780,10.88+/-0.02,0.0+/-0.0,-,-,-
CALIFA2781,10.99+/-0.08,1.0+/-0.01,-,9.52+/-0.16,-
CALIFA2785,10.54+/-0.07,1.54+/-0.57,-,9.01+/-0.11,-
CALIFA2795,10.07+/-0.03,0.75+/-0.44,7.18+/-0.18,8.64+/-0.35,-
CALIFA2796,10.97+/-0.03,0.0+/-0.0,-,-,-
CALIFA2801,9.68+/-0.2,8.49+/-2.46,-,8.65+/-0.49,-
CALIFA2835,10.8+/-0.05,2.17+/-1.1,8.65+/-0.17,9.47+/-0.55,-
CALIFA2851,-3.21+/-0.05,0.0+/-0.0,-,-,-
CALIFA2871,10.93+/-0.07,0.63+/-0.02,-,9.52+/-0.11,-
CALIFA2873,10.79+/-0.06,6.9+/-1.32,8.16+/-0.26,9.31+/-0.18,-
CALIFA2902,10.25+/-0.06,0.09+/-0.01,-,-,-
CALIFA2940,11.45+/-0.02,0.05+/-0.02,-,-,-
CALIFA2941,11.17+/-0.04,0.13+/-0.06,-,-,-
CALIFA2942,11.12+/-0.04,0.0+/-0.0,-,-,-
CALIFA2943,11.27+/-0.07,18.98+/-4.65,8.64+/-0.19,-,-
CALIFA2944,11.66+/-0.06,0.43+/-0.21,-,-,-
CALIFA2945,10.13+/-0.14,62.53+/-3.13,8.1+/-0.14,-,-
CALIFA2998,10.13+/-0.02,0.0+/-0.0,-,-,-
CALIFA2999,10.85+/-0.09,2.22+/-1.59,-,9.32+/-0.93,-
CALIFA3001,10.16+/-0.08,0.47+/-0.3,-,-,-
CALIFA3003,11.92+/-0.03,0.04+/-0.03,-,-,-
CALIFA3004,10.46+/-0.02,0.0+/-0.0,-,-,-
CALIFA3005,11.85+/-0.02,0.0+/-0.0,-,-,-
CALIFA3006,-3.22+/-0.18,0.0+/-0.0,-,-,-
CALIFA3007,10.71+/-0.05,0.02+/-0.02,-,-,-
CALIFA3008,9.75+/-0.04,0.0+/-0.0,-,-,-
CALIFA3009,12.7+/-0.06,16.63+/-12.03,-,-,-
CALIFA3010,11.75+/-0.02,0.1+/-0.07,-,-,-
CALIFA3011,11.88+/-0.02,0.04+/-0.03,-,-,-
CALIFA3012,-35.28+/-0.04,0.0+/-0.0,-,-,-
CALIFA3013,10.89+/-0.09,10.03+/-2.01,8.42+/-0.17,-,-
CALIFA3015,11.9+/-0.03,0.11+/-0.17,-,-,-
CALIFA3016,11.25+/-0.12,0.84+/-2.09,7.8+/-0.71,-,-
CALIFA3017,11.96+/-0.02,0.06+/-0.04,-,-,-
CALIFA3018,10.42+/-0.04,0.58+/-0.17,7.65+/-0.6,9.02+/-0.01,-
CALIFA3019,10.53+/-0.07,0.62+/-0.21,7.24+/-0.7,8.39+/-0.13,-
CALIFA3020,-3.19+/-0.13,0.0+/-0.0,-,-,-
CALIFA3021,9.62+/-0.07,0.08+/-0.02,6.53+/-nan,8.45+/-0.11,-
CALIFA3022,-35.99+/-0.1,0.0+/-0.0,-,7.67+/-0.19,-
CALIFA3023,11.88+/-0.02,0.53+/-0.31,-,-,-
CALIFA3025,9.62+/-0.07,0.21+/-0.11,6.11+/-nan,8.61+/-0.32,-
CALIFA3026,11.82+/-0.03,0.04+/-0.02,-,-,-
CALIFA3027,-36.31+/-0.14,0.0+/-0.0,-,7.35+/-0.42,-
CALIFA3028,9.8+/-0.02,0.0+/-0.01,-,-,-
CALIFA3029,-35.21+/-0.09,0.0+/-0.0,-38.01+/-0.16,8.5+/-0.42,-
CALIFA3030,9.87+/-0.06,0.0+/-0.0,-,-,-
CALIFA3031,9.36+/-0.17,0.75+/-0.5,-,7.77+/-0.16,-
CALIFA3032,9.54+/-0.24,2.01+/-0.99,7.15+/-0.21,7.96+/-0.14,-
CALIFA3033,11.87+/-0.02,0.06+/-0.05,-,-,-
CALIFA3034,10.0+/-0.08,0.18+/-0.1,7.24+/-0.63,-,-
CALIFA3035,10.68+/-0.08,0.0+/-0.01,7.23+/-nan,-,-
CALIFA3037,10.8+/-0.02,0.08+/-0.02,-,-,-
CALIFA3038,-35.33+/-0.08,0.0+/-0.0,-37.88+/-0.17,8.36+/-0.76,-
CALIFA3039,10.45+/-0.06,0.0+/-0.01,-,-,-
CALIFA3040,8.54+/-0.53,0.06+/-0.04,-,-,-
CALIFA4027,9.69+/-0.06,0.3+/-0.12,-,8.51+/-0.32,-
CALIFA4031,11.08+/-0.04,1.2+/-0.72,-,9.8+/-0.1,-
CALIFA4034,10.76+/-0.08,2.14+/-0.55,-,9.26+/-0.06,-
CALIFA5006,10.48+/-0.07,1.81+/-0.66,7.57+/-0.14,8.84+/-0.43,-
CALIFA5007,10.3+/-0.05,0.37+/-0.16,7.49+/-nan,8.65+/-0.01,-
CALIFA5009,10.38+/-0.07,0.8+/-0.56,8.1+/-0.26,8.87+/-0.38,-
CALIFA5017,10.29+/-0.06,1.9+/-0.6,8.14+/-0.29,8.93+/-0.46,-
CALIFA5021,10.39+/-0.07,2.59+/-1.8,-,9.08+/-0.05,-
CALIFA5024,10.19+/-0.07,2.18+/-0.78,-,-,-
CALIFA5025,10.24+/-0.11,5.27+/-1.05,8.19+/-0.52,8.92+/-0.44,-
CALIFA5031,10.49+/-0.08,4.68+/-0.91,8.27+/-0.24,9.12+/-0.44,-
CALIFA5033,-3.87+/-0.07,0.0+/-0.0,-,-,-
CALIFA5034,-5.14+/-nan,0.0+/-0.0,-,-,-
CALIFA5039,9.98+/-0.07,1.74+/-0.23,7.54+/-0.46,8.27+/-0.46,-
CALIFA5042,9.81+/-0.1,2.46+/-0.73,-,-,-
CALIFA5047,9.73+/-0.07,0.62+/-0.25,7.0+/-0.32,8.27+/-0.55,-
CALIFA5063,9.78+/-0.05,0.56+/-0.13,-,7.78+/-0.04,-
CALIFA7001,10.62+/-0.19,0.63+/-0.27,8.1+/-0.07,-,-
CALIFA8000,11.13+/-0.11,0.14+/-0.1,7.84+/-0.58,-,-
CALIFA9000,11.04+/-0.02,0.0+/-0.0,-,-,-
CALIFA9001,11.17+/-0.02,0.0+/-0.0,-,-,-
CALIFA9002,11.02+/-0.02,0.0+/-0.0,-,-,-
CALIFA9004,10.81+/-0.02,0.0+/-0.0,-,-,-
CALIFA9005,10.92+/-0.03,0.0+/-0.0,-,-,-
CALIFA9007,11.2+/-0.03,0.0+/-0.0,-,-,-
CALIFA9009,11.1+/-0.03,0.01+/-0.02,-,-,-
